Line #,Navigation Direction,Padding,x,y,z,z_Relative,mpry0,mpry1,mpry2,pitch,roll,yaw,vgx,vgy,vgz,templ,emph,tof,h,bat,baro,time,agx,agy,agz
0,[0 0 0 0 0 0 0 0],        ,0, 0, 0, 10,0,0,  0,  0,  -5,  0,  0,  0,  83,  85,  10,  0,  39,  1881.94,  343,  0.0,  -14.0,  -998.0
1,[0 0 0 0 0 0 0 0],        ,0, 0, 0, 10,0,0,  0,  0,  -5,  0,  0,  0,  83,  85,  10,  0,  39,  1881.95,  343,  0.0,  -15.0,  -1001.0
2,[0 0 0 0 0 0 0 0],        ,0, 0, 0, 10,0,0,  0,  0,  -5,  0,  0,  0,  83,  85,  10,  0,  39,  1881.94,  343,  1.0,  -14.0,  -1000.0
3,[0 0 0 0 0 0 0 0],        ,0, 0, 0, 10,0,0,  0,  0,  -5,  0,  0,  0,  83,  85,  10,  0,  39,  1881.97,  343,  -1.0,  -16.0,  -996.0
4,[0 0 0 0 0 0 0 0],        ,0, 0, 0, 10,0,0,  0,  0,  -5,  0,  0,  0,  83,  85,  10,  0,  39,  1881.92,  343,  1.0,  -14.0,  -1001.0
5,[0 0 0 0 0 0 0 0],        ,0, 0, 0, 10,0,0,  0,  0,  -5,  0,  0,  0,  83,  86,  10,  0,  39,  1881.89,  343,  1.0,  -15.0,  -996.0
6,[0 0 0 0 0 0 0 0],        ,0, 0, 0, 10,0,0,  0,  0,  -5,  0,  0,  0,  83,  86,  10,  0,  39,  1881.91,  343,  0.0,  -14.0,  -1000.0
7,[0 0 0 0 0 0 0 0],        ,0, 0, 0, 10,0,0,  0,  0,  -5,  0,  0,  0,  83,  86,  10,  0,  39,  1881.99,  343,  0.0,  -15.0,  -999.0
8,[0 0 0 0 0 0 0 0],        ,0, 0, 0, 10,0,0,  0,  0,  -5,  0,  0,  0,  83,  86,  10,  0,  39,  1881.97,  343,  0.0,  -14.0,  -999.0
9,[0 0 0 0 0 0 0 0],        ,0, 0, 0, 10,0,0,  0,  0,  -5,  0,  0,  0,  83,  86,  10,  0,  39,  1881.98,  343,  1.0,  -15.0,  -999.0
10,[0 0 0 0 0 0 0 0],        ,0, 0, 0, 10,0,0,  0,  0,  -5,  0,  0,  0,  83,  86,  10,  0,  39,  1882.01,  343,  0.0,  -14.0,  -1002.0
11,[0 0 0 0 0 0 0 0],        ,0, 0, 0, 10,0,0,  0,  0,  -5,  0,  0,  0,  83,  85,  10,  0,  39,  1882.01,  343,  0.0,  -15.0,  -999.0
12,[0 0 0 0 0 0 0 0],        ,0, 0, 0, 10,0,0,  0,  0,  -5,  0,  0,  0,  83,  85,  10,  0,  39,  1881.93,  343,  0.0,  -16.0,  -999.0
13,[0 0 0 0 0 0 0 0],        ,0, 0, 0, 10,0,0,  0,  0,  -5,  0,  0,  0,  83,  85,  10,  0,  39,  1882.01,  343,  0.0,  -14.0,  -1000.0
14,[0 0 0 0 0 0 0 0],        ,0, 0, 0, 10,0,0,  0,  0,  -5,  0,  0,  0,  83,  85,  10,  0,  39,  1881.91,  343,  1.0,  -14.0,  -998.0
15,[0 0 0 0 0 0 0 0],        ,0, 0, 0, 10,0,0,  0,  0,  -5,  0,  0,  0,  83,  86,  10,  0,  39,  1881.93,  343,  0.0,  -14.0,  -999.0
16,[0 0 0 0 0 0 0 0],        ,0, 0, 0, 10,0,0,  0,  0,  -5,  0,  0,  0,  83,  86,  10,  0,  39,  1881.96,  343,  0.0,  -14.0,  -999.0
17,[0 0 0 0 0 0 0 0],        ,0, 0, 0, 10,0,0,  0,  0,  -5,  0,  0,  0,  83,  86,  10,  0,  39,  1881.98,  343,  0.0,  -14.0,  -998.0
18,[0 0 0 0 0 0 0 0],        ,0, 0, 0, 10,0,0,  0,  0,  -5,  0,  0,  0,  83,  86,  10,  0,  39,  1881.99,  343,  1.0,  -15.0,  -997.0
19,[0 0 0 0 0 0 0 0],        ,0, 0, 0, 10,0,0,  0,  0,  -5,  0,  0,  0,  83,  86,  10,  0,  39,  1881.92,  343,  0.0,  -15.0,  -999.0
20,[0 0 0 0 0 0 0 0],        ,0, 0, 0, 10,0,0,  0,  0,  -5,  0,  0,  0,  83,  86,  10,  0,  39,  1881.99,  343,  -1.0,  -16.0,  -1000.0
21,[0 0 0 0 0 0 0 0],        ,0, 0, 0, 10,0,0,  0,  0,  -5,  0,  0,  0,  83,  86,  10,  0,  39,  1881.93,  343,  0.0,  -16.0,  -1002.0
22,[0 0 0 0 0 0 0 0],        ,0, 0, 0, 10,0,0,  0,  0,  -5,  0,  0,  0,  83,  86,  10,  0,  39,  1881.95,  343,  2.0,  -16.0,  -1000.0
23,[0 0 0 0 0 0 0 0],        ,0, 0, 0, 10,0,0,  0,  0,  -5,  0,  0,  0,  83,  86,  10,  0,  39,  1881.97,  343,  1.0,  -15.0,  -999.0
24,[0 0 0 0 0 0 0 0],        ,0, 0, 0, 10,0,0,  0,  0,  -5,  0,  0,  0,  83,  86,  10,  0,  39,  1881.97,  343,  1.0,  -14.0,  -1000.0
25,[0 0 0 0 0 0 0 0],        ,0, 0, 0, 10,0,0,  0,  0,  -5,  0,  0,  0,  83,  86,  10,  0,  39,  1881.93,  343,  0.0,  -14.0,  -1000.0
26,[0 0 0 0 0 0 0 0],        ,0, 0, 0, 10,0,0,  0,  0,  -5,  0,  0,  0,  83,  86,  10,  0,  39,  1881.96,  343,  1.0,  -15.0,  -1001.0
27,[0 0 0 0 0 0 0 0],        ,0, 0, 0, 10,0,0,  0,  0,  -5,  0,  0,  0,  83,  86,  10,  0,  39,  1881.97,  343,  1.0,  -15.0,  -1003.0
28,[0 0 0 0 0 0 0 0],        ,0, 0, 40, 76,0,0,  0,  0,  -4,  0,  0,  0,  82,  84,  76,  40,  39,  1882.8,  351,  0.0,  -9.0,  -1005.0
29,[0 0 0 0 0 0 0 0],        ,0, 0, 40, 76,0,0,  0,  0,  -4,  0,  0,  0,  82,  84,  76,  40,  39,  1882.73,  352,  1.0,  -2.0,  -1002.0
30,[0 0 0 0 0 0 0 0],        ,0, 0, 40, 76,0,0,  0,  0,  -4,  0,  0,  0,  82,  84,  76,  40,  39,  1882.79,  352,  -7.0,  -14.0,  -992.0
31,[0 0 0 0 0 0 0 0],        ,0, 0, 40, 76,0,0,  0,  0,  -5,  0,  0,  0,  82,  84,  76,  40,  39,  1882.77,  352,  -1.0,  0.0,  -1008.0
32,[0 0 0 0 0 0 0 0],        ,0, 0, 40, 76,0,0,  0,  0,  -5,  0,  0,  0,  82,  84,  76,  40,  39,  1882.81,  352,  -2.0,  -11.0,  -1009.0
33,[0 0 0 0 0 0 0 0],        ,0, 0, 40, 76,0,0,  0,  0,  -5,  0,  0,  0,  82,  84,  76,  40,  39,  1882.82,  352,  0.0,  -12.0,  -980.0
34,[0 0 0 0 0 0 0 0],        ,0, 0, 40, 76,0,0,  0,  0,  -5,  0,  0,  0,  82,  84,  76,  40,  39,  1882.83,  352,  1.0,  1.0,  -1007.0
35,[0 0 0 0 0 0 0 0],        ,0, 0, 40, 76,0,0,  0,  0,  -5,  0,  0,  0,  82,  84,  76,  40,  39,  1882.88,  352,  -3.0,  -18.0,  -1004.0
36,[0 0 0 0 0 0 0 0],        ,0, 0, 40, 76,0,0,  0,  0,  -5,  0,  0,  0,  82,  84,  76,  40,  39,  1882.8,  353,  -7.0,  -9.0,  -994.0
37,[0 0 0 0 0 0 0 0],        ,0, 0, 40, 76,0,0,  0,  0,  -5,  0,  0,  0,  82,  84,  76,  40,  39,  1882.78,  353,  15.0,  9.0,  -995.0
38,[0 0 0 0 0 0 0 0],        ,0, 0, 40, 76,0,0,  0,  0,  -5,  0,  0,  0,  81,  84,  76,  40,  39,  1882.84,  353,  13.0,  -4.0,  -993.0
39,[0 0 0 0 0 0 0 0],        ,0, 0, 40, 76,0,0,  0,  0,  -5,  0,  0,  0,  81,  84,  76,  40,  39,  1882.81,  353,  5.0,  -6.0,  -1004.0
40,[0 0 0 0 0 0 0 0],        ,0, 0, 40, 76,0,0,  0,  0,  -5,  0,  0,  0,  81,  84,  76,  40,  39,  1882.83,  353,  0.0,  -1.0,  -1014.0
41,[0 0 0 0 0 0 0 0],        ,0, 0, 40, 76,0,0,  0,  0,  -5,  0,  0,  0,  81,  84,  76,  40,  39,  1882.74,  353,  9.0,  -3.0,  -996.0
42,[0 0 0 0 0 0 0 0],        ,0, 0, 40, 76,0,0,  0,  0,  -5,  0,  0,  0,  81,  84,  76,  40,  39,  1882.74,  353,  7.0,  -15.0,  -984.0
43,[0 0 0 0 0 0 0 0],        ,0, 0, 40, 77,0,0,  0,  0,  -5,  0,  0,  0,  81,  84,  77,  40,  39,  1882.82,  354,  -14.0,  -17.0,  -1004.0
44,[0 0 0 0 0 0 0 0],        ,0, 0, 40, 76,0,0,  0,  0,  -4,  0,  0,  0,  81,  84,  76,  40,  39,  1882.86,  354,  6.0,  -2.0,  -1008.0
45,[0 0 0 0 0 0 0 0],        ,0, 0, 40, 77,0,0,  0,  0,  -4,  0,  0,  0,  81,  83,  77,  40,  39,  1882.76,  354,  -3.0,  -2.0,  -1013.0
46,[0 0 0 0 0 0 0 0],        ,0, 0, 40, 77,0,0,  0,  0,  -4,  0,  0,  0,  81,  83,  77,  40,  39,  1882.72,  354,  -13.0,  -14.0,  -997.0
47,[0 0 0 0 0 0 0 0],        ,0, 0, 40, 77,0,0,  0,  0,  -5,  0,  0,  0,  81,  83,  77,  40,  39,  1882.89,  354,  1.0,  -4.0,  -1004.0
48,[0 0 0 0 0 0 0 0],        ,0, 0, 40, 77,0,0,  0,  0,  -5,  0,  0,  0,  81,  83,  77,  40,  39,  1882.84,  354,  -10.0,  1.0,  -1009.0
49,[0 0 0 0 0 0 0 0],        ,0, 0, 40, 77,0,0,  0,  0,  -5,  0,  0,  0,  81,  83,  77,  40,  39,  1882.77,  355,  -2.0,  0.0,  -1002.0
50,[0 0 0 0 0 0 0 0],        ,0, 0, 40, 77,0,0,  0,  0,  -5,  0,  0,  0,  81,  83,  77,  40,  39,  1882.72,  355,  -7.0,  -18.0,  -987.0
51,[0 0 Foward 0 0 0 0 0],        ,0, 0, 40, 77,0,0,  0,  0,  -5,  0,  0,  0,  81,  83,  77,  40,  39,  1882.84,  355,  -13.0,  -18.0,  -1003.0
52,[0 0 Foward 0 0 0 0 0],        ,0, 1, 40, 77,0,0,  0,  0,  -5,  0,  0,  0,  81,  83,  77,  40,  39,  1882.79,  355,  1.0,  -7.0,  -995.0
53,[0 0 Foward 0 0 0 0 0],        ,0, 2, 40, 76,0,0,  0,  0,  -5,  0,  0,  0,  81,  83,  76,  40,  39,  1882.76,  355,  -8.0,  6.0,  -1004.0
54,[0 0 Foward 0 0 0 0 0],        ,0, 3, 40, 77,0,0,  0,  0,  -5,  0,  0,  0,  81,  83,  77,  40,  39,  1882.76,  355,  -30.0,  -10.0,  -994.0
55,[0 0 Foward 0 0 0 0 0],        ,0, 4, 40, 77,0,0,  -1,  0,  -5,  0,  0,  0,  81,  83,  77,  40,  39,  1882.7,  355,  -1.0,  -1.0,  -1009.0
56,[0 0 Foward 0 0 0 0 0],        ,0, 5, 40, 77,0,0,  -1,  0,  -5,  0,  0,  0,  81,  83,  77,  40,  39,  1882.75,  355,  -11.0,  -1.0,  -997.0
57,[0 0 Foward 0 0 0 0 0],        ,0, 6, 40, 76,0,0,  -1,  0,  -5,  0,  0,  0,  81,  83,  76,  40,  39,  1882.69,  356,  1.0,  7.0,  -997.0
58,[0 0 Foward 0 0 0 0 0],        ,0, 7, 40, 77,0,0,  -1,  0,  -5,  -1,  0,  0,  81,  83,  77,  40,  39,  1882.82,  356,  -1.0,  4.0,  -992.0
59,[0 0 Foward 0 0 0 0 0],        ,0, 8, 40, 76,0,0,  -1,  0,  -5,  -1,  0,  0,  81,  83,  76,  40,  39,  1882.72,  356,  -12.0,  -10.0,  -998.0
60,[0 0 Foward 0 0 0 0 0],        ,0, 9, 40, 76,0,0,  -1,  0,  -5,  -1,  0,  0,  81,  83,  76,  40,  39,  1882.81,  356,  -21.0,  -14.0,  -995.0
61,[0 0 Foward 0 0 0 0 0],        ,0, 10, 40, 76,0,0,  -1,  0,  -5,  -1,  0,  0,  81,  83,  76,  40,  39,  1882.81,  356,  -11.0,  6.0,  -1004.0
62,[0 0 Foward 0 0 0 0 0],        ,0, 11, 40, 76,0,0,  -1,  0,  -5,  -1,  0,  0,  81,  83,  76,  40,  39,  1882.76,  356,  -20.0,  -10.0,  -991.0
63,[0 0 Foward 0 0 0 0 0],        ,0, 12, 40, 76,0,0,  -1,  0,  -5,  -1,  0,  0,  81,  83,  76,  40,  39,  1882.77,  356,  -24.0,  0.0,  -988.0
64,[0 0 Foward 0 0 0 0 0],        ,0, 13, 40, 77,0,0,  -1,  0,  -5,  -1,  0,  0,  81,  83,  77,  40,  39,  1882.74,  357,  -32.0,  -9.0,  -994.0
65,[0 0 Foward 0 0 0 0 0],        ,0, 14, 40, 76,0,0,  0,  0,  -5,  -1,  0,  0,  81,  83,  76,  40,  39,  1882.74,  357,  -30.0,  -13.0,  -990.0
66,[0 0 Foward 0 0 0 0 0],        ,0, 15, 40, 76,0,0,  0,  0,  -5,  -1,  0,  0,  81,  83,  76,  40,  39,  1882.76,  357,  -9.0,  -3.0,  -990.0
67,[0 0 Foward 0 0 0 0 0],        ,0, 16, 40, 76,0,0,  0,  0,  -5,  -1,  0,  0,  81,  83,  76,  40,  39,  1882.87,  357,  -14.0,  -3.0,  -985.0
68,[0 0 Foward 0 0 0 0 0],        ,0, 17, 40, 75,0,0,  0,  0,  -5,  -1,  0,  0,  81,  83,  75,  40,  39,  1882.8,  357,  -13.0,  0.0,  -998.0
69,[0 0 Foward 0 0 0 0 0],        ,0, 18, 40, 75,0,0,  0,  0,  -5,  -1,  0,  0,  81,  83,  75,  40,  39,  1882.77,  357,  -13.0,  -4.0,  -1006.0
70,[0 0 Foward 0 0 0 0 0],        ,0, 19, 40, 75,0,0,  0,  0,  -5,  -1,  0,  0,  81,  83,  75,  40,  39,  1882.83,  357,  0.0,  6.0,  -998.0
71,[0 0 Foward 0 0 0 0 0],        ,0, 20, 40, 75,0,0,  0,  0,  -4,  -2,  0,  0,  81,  83,  75,  40,  39,  1882.77,  358,  -4.0,  -11.0,  -998.0
72,[0 0 Foward 0 0 0 0 0],        ,0, 21, 40, 75,0,0,  0,  0,  -4,  -2,  0,  0,  81,  83,  75,  40,  39,  1882.74,  358,  -16.0,  -1.0,  -1018.0
73,[0 0 Foward 0 0 0 0 0],        ,0, 22, 40, 75,0,0,  0,  0,  -4,  -2,  0,  0,  81,  83,  75,  40,  39,  1882.78,  358,  -16.0,  6.0,  -1009.0
74,[0 0 Foward 0 0 0 0 0],        ,0, 23, 40, 76,0,0,  0,  0,  -4,  -1,  0,  0,  81,  82,  76,  40,  39,  1882.79,  358,  -11.0,  7.0,  -1002.0
75,[0 0 Foward 0 0 0 0 0],        ,0, 24, 40, 75,0,0,  0,  0,  -4,  -1,  0,  0,  81,  82,  75,  40,  39,  1882.83,  358,  -13.0,  -4.0,  -1001.0
76,[0 0 Foward 0 0 0 0 0],        ,0, 25, 40, 75,0,0,  0,  0,  -4,  -1,  0,  0,  81,  82,  75,  40,  39,  1882.85,  358,  -8.0,  -4.0,  -1001.0
77,[0 0 Foward 0 0 0 0 0],        ,0, 26, 40, 75,0,0,  0,  0,  -4,  -2,  0,  0,  81,  82,  75,  40,  39,  1882.86,  358,  -25.0,  7.0,  -1006.0
78,[0 0 Foward 0 0 0 0 0],        ,0, 27, 40, 75,0,0,  0,  0,  -4,  -1,  0,  0,  81,  82,  75,  40,  39,  1882.88,  359,  -10.0,  6.0,  -990.0
79,[0 0 Foward 0 0 0 0 0],        ,0, 28, 40, 74,0,0,  0,  0,  -4,  -2,  0,  0,  81,  82,  74,  40,  39,  1882.83,  359,  1.0,  6.0,  -1004.0
80,[0 0 Foward 0 0 0 0 0],        ,0, 29, 40, 74,0,0,  0,  0,  -4,  -2,  0,  0,  81,  82,  74,  40,  39,  1882.83,  359,  -5.0,  4.0,  -994.0
81,[0 0 Foward 0 0 0 0 0],        ,0, 30, 40, 74,0,0,  0,  0,  -4,  -2,  0,  0,  80,  83,  74,  40,  39,  1882.92,  359,  -7.0,  13.0,  -1008.0
82,[0 0 Foward 0 0 0 0 0],        ,0, 31, 40, 73,0,0,  0,  0,  -4,  -2,  0,  0,  80,  83,  73,  40,  39,  1882.78,  359,  6.0,  9.0,  -1006.0
83,[0 0 Foward 0 0 0 0 0],        ,0, 32, 40, 74,0,0,  0,  0,  -4,  -2,  0,  0,  80,  83,  74,  40,  39,  1882.8,  359,  -4.0,  4.0,  -1003.0
84,[0 0 0 0 0 0 0 0],        ,0, 32, 40, 73,0,0,  0,  0,  -5,  -1,  0,  0,  80,  83,  73,  40,  39,  1882.79,  359,  -19.0,  13.0,  -1000.0
85,[0 0 0 0 0 0 0 0],        ,0, 32, 40, 73,0,0,  0,  0,  -5,  -2,  0,  0,  80,  83,  73,  40,  39,  1882.8,  360,  -16.0,  15.0,  -1011.0
86,[0 0 0 0 0 0 0 0],        ,0, 32, 40, 73,0,0,  0,  0,  -5,  -2,  0,  0,  80,  83,  73,  40,  39,  1882.86,  360,  5.0,  -2.0,  -994.0
87,[0 0 0 0 0 0 0 0],        ,0, 32, 40, 74,0,0,  0,  0,  -5,  -1,  0,  0,  80,  83,  74,  40,  39,  1882.86,  360,  -12.0,  10.0,  -997.0
88,[0 0 0 0 0 0 0 0],        ,0, 32, 40, 74,0,0,  0,  0,  -5,  -1,  0,  0,  80,  81,  74,  40,  39,  1882.84,  360,  -9.0,  17.0,  -1000.0
89,[0 0 0 0 0 0 0 0],        ,0, 32, 40, 74,0,0,  0,  0,  -5,  -1,  0,  0,  80,  81,  74,  40,  39,  1882.78,  360,  0.0,  0.0,  -999.0
90,[0 0 0 0 0 0 0 0],        ,0, 32, 40, 73,0,0,  3,  0,  -5,  -1,  0,  0,  80,  81,  73,  40,  39,  1882.8,  360,  -27.0,  11.0,  -1029.0
91,[0 0 0 0 0 0 0 0],        ,0, 32, 40, 74,0,0,  2,  0,  -5,  0,  0,  0,  80,  81,  74,  40,  39,  1882.81,  360,  0.0,  8.0,  -997.0
92,[0 0 0 0 0 0 0 0],        ,0, 32, 40, 74,0,0,  1,  0,  -5,  0,  0,  0,  80,  81,  74,  40,  39,  1882.84,  361,  5.0,  7.0,  -998.0
93,[0 0 0 0 0 0 0 0],        ,0, 32, 40, 74,0,0,  0,  0,  -5,  0,  0,  0,  80,  81,  74,  40,  39,  1882.8,  361,  6.0,  8.0,  -998.0
94,[0 0 0 0 0 0 0 0],        ,0, 32, 40, 74,0,0,  0,  0,  -5,  0,  0,  0,  80,  81,  74,  40,  39,  1882.81,  361,  -9.0,  13.0,  -995.0
95,[0 0 0 0 0 0 0 0],        ,0, 32, 40, 75,0,0,  0,  0,  -5,  0,  0,  0,  80,  82,  75,  40,  39,  1882.83,  361,  -1.0,  9.0,  -980.0
96,[0 0 0 0 0 0 0 0],        ,0, 32, 40, 75,0,0,  0,  0,  -5,  0,  0,  0,  80,  82,  75,  40,  39,  1882.76,  361,  13.0,  -4.0,  -982.0
97,[0 0 0 0 0 0 0 0],        ,0, 32, 40, 75,0,0,  0,  0,  -5,  0,  0,  0,  80,  82,  75,  40,  39,  1882.82,  361,  -3.0,  1.0,  -988.0
98,[0 0 0 0 0 0 0 0],        ,0, 32, 40, 76,0,0,  0,  0,  -5,  0,  0,  0,  80,  82,  76,  40,  39,  1882.82,  361,  4.0,  5.0,  -999.0
99,[0 0 0 0 0 0 0 0],        ,0, 32, 40, 76,0,0,  0,  0,  -5,  0,  0,  0,  80,  82,  76,  40,  39,  1882.83,  361,  9.0,  12.0,  -991.0
100,[0 0 0 0 0 0 0 0],        ,0, 32, 40, 76,0,0,  0,  0,  -5,  0,  0,  0,  80,  82,  76,  40,  39,  1882.77,  362,  4.0,  6.0,  -986.0
101,[0 0 0 0 0 0 0 0],        ,0, 32, 40, 76,0,0,  0,  0,  -5,  0,  0,  0,  80,  82,  76,  40,  39,  1882.8,  362,  -2.0,  10.0,  -1009.0
102,[0 0 0 0 0 0 0 0],        ,0, 32, 40, 76,0,0,  0,  0,  -5,  0,  0,  0,  80,  82,  76,  40,  39,  1882.84,  362,  2.0,  4.0,  -987.0
103,[0 0 0 0 0 0 0 0],        ,0, 32, 40, 76,0,0,  0,  0,  -5,  0,  0,  0,  80,  82,  76,  40,  39,  1882.82,  362,  4.0,  14.0,  -993.0
104,[0 0 0 0 0 0 0 0],        ,0, 32, 40, 76,0,0,  1,  0,  -5,  0,  0,  0,  80,  82,  76,  40,  39,  1882.89,  362,  2.0,  11.0,  -1008.0
105,[0 0 0 0 0 0 0 0],        ,0, 32, 40, 76,0,0,  1,  0,  -5,  0,  0,  0,  80,  82,  76,  40,  39,  1882.88,  362,  5.0,  8.0,  -1016.0
106,[0 0 0 0 0 0 0 0],        ,0, 32, 40, 76,0,0,  1,  0,  -5,  0,  0,  0,  80,  82,  76,  40,  39,  1882.82,  362,  -1.0,  8.0,  -1003.0
107,[0 0 0 0 0 0 0 0],        ,0, 32, 40, 77,0,0,  0,  0,  -5,  0,  0,  0,  80,  82,  77,  40,  39,  1882.88,  363,  16.0,  12.0,  -1005.0
108,[0 0 0 0 0 0 0 0],        ,0, 32, 40, 77,0,0,  0,  0,  -5,  0,  0,  0,  80,  82,  77,  40,  39,  1882.74,  363,  12.0,  14.0,  -998.0
109,[0 0 0 0 0 0 0 0],        ,0, 32, 40, 77,0,0,  0,  0,  -5,  0,  0,  0,  80,  82,  77,  40,  39,  1882.81,  363,  -7.0,  8.0,  -996.0
110,[0 0 0 0 0 0 0 0],        ,0, 32, 40, 78,0,0,  0,  0,  -5,  0,  0,  0,  80,  82,  78,  40,  39,  1882.8,  363,  -2.0,  6.0,  -991.0
111,[0 0 0 0 0 0 0 0],        ,0, 32, 40, 78,0,0,  0,  0,  -5,  0,  0,  0,  80,  82,  78,  40,  39,  1882.84,  363,  -1.0,  7.0,  -990.0
112,[0 0 0 0 0 0 0 0],        ,0, 32, 40, 78,0,0,  0,  0,  -5,  0,  0,  0,  80,  82,  78,  40,  39,  1882.84,  363,  -1.0,  7.0,  -990.0
113,[0 0 0 0 0 0 0 0],        ,0, 32, 40, 78,0,0,  0,  0,  -5,  0,  0,  0,  80,  82,  78,  40,  39,  1882.77,  363,  3.0,  4.0,  -992.0
114,[0 0 0 0 0 0 0 0],        ,0, 32, 40, 78,0,0,  0,  0,  -5,  0,  0,  0,  80,  82,  78,  40,  39,  1882.81,  364,  -3.0,  0.0,  -990.0
115,[0 0 0 0 0 0 0 0],        ,0, 32, 40, 78,0,0,  0,  0,  -5,  0,  0,  0,  80,  82,  78,  40,  39,  1882.83,  364,  9.0,  -2.0,  -998.0
116,[0 0 0 0 0 0 0 0],        ,0, 32, 40, 78,0,0,  0,  0,  -5,  0,  0,  0,  80,  82,  78,  40,  39,  1882.78,  364,  6.0,  3.0,  -993.0
117,[0 0 0 0 0 0 0 0],        ,0, 32, 40, 78,0,0,  0,  0,  -5,  0,  0,  0,  79,  81,  78,  40,  39,  1882.86,  364,  10.0,  3.0,  -1001.0
118,[0 0 0 0 0 0 0 0],        ,0, 32, 40, 79,0,0,  1,  0,  -5,  0,  0,  0,  79,  81,  79,  40,  39,  1882.79,  364,  4.0,  5.0,  -1005.0
119,[0 0 0 0 0 0 0 0],        ,0, 32, 40, 79,0,0,  0,  0,  -5,  0,  0,  0,  79,  81,  79,  40,  39,  1882.77,  364,  -2.0,  3.0,  -990.0
120,[0 0 0 0 0 0 0 0],        ,0, 32, 40, 79,0,0,  0,  0,  -5,  0,  0,  0,  79,  81,  79,  40,  39,  1882.76,  364,  -3.0,  2.0,  -1005.0
121,[0 0 0 0 0 0 0 0],        ,0, 32, 40, 79,0,0,  0,  0,  -5,  0,  0,  0,  79,  81,  79,  40,  39,  1882.86,  365,  2.0,  -1.0,  -991.0
122,[0 0 0 0 0 0 0 0],        ,0, 32, 40, 79,0,0,  0,  0,  -5,  0,  0,  0,  79,  81,  79,  40,  39,  1882.86,  365,  2.0,  -1.0,  -991.0
123,[0 0 0 0 0 0 0 0],        ,0, 32, 40, 80,0,0,  0,  0,  -5,  0,  0,  0,  79,  81,  80,  40,  39,  1882.89,  365,  0.0,  6.0,  -1003.0
124,[0 0 Foward 0 0 0 0 0],        ,0, 33, 40, 80,0,0,  0,  0,  -5,  0,  0,  0,  79,  81,  80,  40,  39,  1882.88,  365,  -11.0,  9.0,  -993.0
125,[0 0 Foward 0 0 0 0 0],        ,0, 34, 40, 80,0,0,  0,  0,  -5,  0,  0,  0,  79,  81,  80,  40,  39,  1882.8,  365,  -4.0,  8.0,  -1004.0
126,[0 0 Foward 0 0 0 0 0],        ,0, 35, 40, 80,0,0,  0,  0,  -5,  0,  0,  0,  79,  81,  80,  40,  39,  1882.81,  365,  8.0,  -1.0,  -991.0
127,[0 0 Foward 0 0 0 0 0],        ,0, 36, 40, 80,0,0,  0,  0,  -5,  0,  0,  0,  79,  81,  80,  40,  39,  1882.89,  365,  -16.0,  9.0,  -1008.0
128,[0 0 Foward 0 0 0 0 0],        ,0, 37, 40, 80,0,0,  0,  0,  -5,  0,  0,  0,  79,  81,  80,  40,  39,  1882.89,  365,  -16.0,  9.0,  -1008.0
129,[0 0 Foward 0 0 0 0 0],        ,0, 38, 40, 80,0,0,  -1,  0,  -5,  0,  0,  0,  79,  81,  80,  40,  39,  1882.86,  366,  0.0,  3.0,  -1005.0
130,[0 0 Foward 0 0 0 0 0],        ,0, 39, 40, 80,0,0,  0,  0,  -5,  0,  0,  0,  79,  81,  80,  40,  39,  1882.87,  366,  -1.0,  10.0,  -1000.0
131,[0 0 Foward 0 0 0 0 0],        ,0, 40, 40, 79,0,0,  0,  0,  -5,  0,  0,  0,  79,  82,  79,  40,  39,  1882.9,  366,  0.0,  0.0,  -989.0
132,[0 0 Foward 0 0 0 0 0],        ,0, 41, 40, 80,0,0,  0,  0,  -5,  -1,  0,  0,  79,  82,  80,  40,  39,  1882.82,  366,  -15.0,  22.0,  -999.0
133,[0 0 Foward 0 0 0 0 0],        ,0, 42, 40, 79,0,0,  0,  0,  -5,  -1,  0,  0,  79,  82,  79,  40,  39,  1882.97,  366,  -1.0,  4.0,  -999.0
134,[0 0 Foward 0 0 0 0 0],        ,0, 43, 40, 79,0,0,  0,  0,  -5,  -1,  0,  0,  79,  82,  79,  40,  39,  1882.95,  366,  -13.0,  -4.0,  -1004.0
135,[0 0 Foward 0 0 0 0 0],        ,0, 44, 40, 79,0,0,  0,  0,  -5,  -1,  0,  0,  79,  82,  79,  40,  39,  1882.94,  367,  -20.0,  10.0,  -1002.0
136,[0 0 Foward 0 0 0 0 0],        ,0, 45, 40, 78,0,0,  0,  0,  -5,  -1,  0,  0,  79,  82,  78,  40,  39,  1882.9,  367,  -16.0,  -3.0,  -1001.0
137,[0 0 Foward 0 0 0 0 0],        ,0, 46, 40, 78,0,0,  0,  0,  -5,  -1,  0,  0,  79,  82,  78,  40,  39,  1882.8,  367,  -13.0,  6.0,  -992.0
138,[0 0 Foward 0 0 0 0 0],        ,0, 47, 40, 78,0,0,  0,  0,  -4,  -1,  0,  0,  79,  80,  78,  40,  39,  1883.0,  367,  -20.0,  4.0,  -993.0
139,[0 0 Foward 0 0 0 0 0],        ,0, 48, 40, 78,0,0,  0,  0,  -4,  -1,  0,  0,  79,  80,  78,  40,  39,  1882.95,  367,  -8.0,  5.0,  -982.0
140,[0 0 Foward 0 0 0 0 0],        ,0, 49, 40, 78,0,0,  0,  0,  -4,  -1,  0,  0,  79,  80,  78,  40,  39,  1882.93,  367,  -27.0,  13.0,  -997.0
141,[0 0 Foward 0 0 0 0 0],        ,0, 50, 40, 77,0,0,  0,  0,  -5,  -1,  0,  0,  79,  80,  77,  40,  39,  1883.03,  367,  -29.0,  6.0,  -991.0
142,[0 0 Foward 0 0 0 0 0],        ,0, 51, 40, 77,0,0,  0,  0,  -5,  -1,  0,  0,  79,  80,  77,  40,  39,  1882.88,  367,  -8.0,  11.0,  -1000.0
143,[0 0 0 0 0 0 0 0],        ,0, 52, 40, 77,0,0,  0,  0,  -5,  -1,  0,  0,  79,  80,  77,  40,  39,  1882.87,  368,  -15.0,  14.0,  -1002.0
144,[0 0 0 0 0 0 0 0],        ,0, 52, 40, 77,0,0,  0,  0,  -5,  -1,  0,  0,  79,  80,  77,  40,  39,  1882.96,  368,  -4.0,  11.0,  -986.0
145,[0 0 0 0 0 0 0 0],        ,0, 52, 40, 77,0,0,  0,  0,  -5,  -1,  0,  0,  79,  80,  77,  40,  39,  1882.86,  368,  -22.0,  15.0,  -1007.0
146,[0 0 0 0 0 0 0 0],        ,0, 52, 40, 77,0,0,  0,  0,  -5,  -1,  0,  0,  79,  80,  77,  40,  39,  1882.89,  368,  -25.0,  11.0,  -1012.0
147,[0 0 0 0 0 0 0 0],        ,0, 52, 40, 77,0,0,  0,  0,  -5,  -1,  0,  0,  79,  80,  77,  40,  39,  1882.86,  368,  -14.0,  17.0,  -1005.0
148,[0 0 0 0 0 0 0 0],        ,0, 52, 40, 76,0,0,  0,  0,  -5,  -1,  0,  0,  79,  80,  76,  40,  39,  1882.83,  368,  -26.0,  -9.0,  -1010.0
149,[0 0 0 0 0 0 0 0],        ,0, 52, 40, 76,0,0,  0,  0,  -5,  -1,  0,  0,  79,  80,  76,  40,  39,  1882.74,  369,  -24.0,  12.0,  -998.0
150,[0 0 0 0 0 0 0 0],        ,0, 52, 40, 76,0,0,  2,  0,  -5,  0,  0,  0,  79,  80,  76,  40,  39,  1882.8,  369,  -22.0,  -2.0,  -987.0
151,[0 0 0 0 0 0 0 0],        ,0, 52, 40, 76,0,0,  1,  0,  -5,  0,  0,  0,  79,  80,  76,  40,  39,  1882.97,  369,  -9.0,  7.0,  -999.0
152,[0 0 0 0 0 0 0 0],        ,0, 52, 40, 76,0,0,  0,  0,  -5,  0,  0,  0,  78,  80,  76,  40,  39,  1882.89,  369,  -12.0,  7.0,  -1000.0
153,[0 0 0 0 0 0 0 0],        ,0, 52, 40, 76,0,0,  0,  0,  -5,  0,  0,  0,  78,  80,  76,  40,  39,  1882.87,  369,  -15.0,  7.0,  -1002.0
154,[0 0 0 0 0 0 0 0],        ,0, 52, 40, 76,0,0,  0,  0,  -5,  0,  0,  0,  78,  80,  76,  40,  39,  1882.82,  369,  -10.0,  4.0,  -1006.0
155,[0 0 0 0 0 0 0 0],        ,0, 52, 40, 76,0,0,  0,  0,  -5,  0,  0,  0,  78,  80,  76,  40,  39,  1882.88,  369,  0.0,  14.0,  -997.0
156,[0 0 0 0 0 0 0 0],        ,0, 52, 40, 76,0,0,  0,  0,  -5,  0,  0,  0,  78,  80,  76,  40,  39,  1882.9,  370,  -1.0,  19.0,  -1007.0
157,[0 0 0 0 0 0 0 0],        ,0, 52, 40, 76,0,0,  0,  0,  -5,  0,  0,  0,  78,  80,  76,  40,  39,  1882.97,  370,  -6.0,  -6.0,  -1003.0
158,[0 0 0 0 0 0 0 0],        ,0, 52, 40, 76,0,0,  0,  0,  -5,  0,  0,  0,  78,  80,  76,  40,  39,  1882.99,  370,  0.0,  10.0,  -993.0
159,[0 0 0 0 0 0 0 0],        ,0, 52, 40, 77,0,0,  0,  0,  -5,  0,  0,  0,  78,  80,  77,  40,  39,  1882.8,  370,  9.0,  25.0,  -1002.0
160,[0 0 0 0 0 0 0 0],        ,0, 52, 40, 77,0,0,  0,  0,  -5,  0,  0,  0,  78,  80,  77,  40,  39,  1882.85,  370,  -9.0,  15.0,  -998.0
161,[0 0 0 0 0 0 0 0],        ,0, 52, 40, 78,0,0,  0,  0,  -5,  0,  0,  0,  78,  80,  78,  40,  39,  1882.81,  370,  3.0,  12.0,  -998.0
162,[0 0 0 0 0 0 0 0],        ,0, 52, 40, 78,0,0,  0,  0,  -5,  0,  0,  0,  78,  80,  78,  40,  39,  1882.8,  370,  -5.0,  0.0,  -991.0
163,[0 0 0 0 0 0 0 0],        ,0, 52, 40, 78,0,0,  0,  0,  -5,  0,  0,  0,  78,  80,  78,  40,  38,  1882.86,  371,  -6.0,  12.0,  -984.0
164,[0 0 0 0 0 0 0 0],        ,0, 52, 40, 78,0,0,  0,  0,  -5,  0,  0,  0,  78,  80,  78,  40,  38,  1882.85,  371,  -2.0,  0.0,  -1006.0
165,[0 0 0 0 0 0 0 0],        ,0, 52, 40, 78,0,0,  0,  0,  -5,  0,  0,  0,  78,  80,  78,  40,  38,  1882.79,  371,  5.0,  2.0,  -984.0
166,[0 0 0 0 0 0 0 0],        ,0, 52, 40, 78,0,0,  0,  0,  -5,  0,  0,  0,  78,  80,  78,  40,  38,  1882.81,  371,  11.0,  12.0,  -1000.0
167,[0 0 0 0 0 0 0 0],        ,0, 52, 40, 78,0,0,  0,  0,  -5,  0,  0,  0,  79,  80,  78,  40,  38,  1882.82,  371,  -14.0,  1.0,  -985.0
168,[0 0 0 0 0 0 0 0],        ,0, 52, 40, 78,0,0,  0,  0,  -5,  0,  0,  0,  79,  80,  78,  40,  38,  1882.87,  371,  -6.0,  3.0,  -1011.0
169,[0 0 0 0 0 0 0 0],        ,0, 52, 40, 78,0,0,  0,  0,  -5,  0,  0,  0,  79,  80,  78,  40,  38,  1882.81,  371,  4.0,  11.0,  -1010.0
170,[0 0 0 0 0 0 0 0],        ,0, 52, 40, 78,0,0,  0,  0,  -5,  0,  0,  0,  79,  80,  78,  40,  38,  1882.82,  371,  -4.0,  4.0,  -994.0
171,[0 0 0 0 0 0 0 0],        ,0, 52, 40, 78,0,0,  0,  0,  -5,  0,  0,  0,  79,  80,  78,  40,  38,  1882.81,  372,  0.0,  0.0,  -1003.0
172,[0 0 0 0 0 0 0 0],        ,0, 52, 40, 78,0,0,  0,  0,  -5,  0,  0,  0,  79,  80,  78,  40,  38,  1882.85,  372,  -8.0,  7.0,  -1002.0
173,[0 0 0 0 0 0 0 0],        ,0, 52, 40, 78,0,0,  0,  0,  -5,  0,  0,  0,  79,  80,  78,  40,  38,  1882.84,  372,  -5.0,  0.0,  -995.0
174,[0 0 0 0 0 0 0 0],        ,0, 52, 40, 78,0,0,  0,  0,  -5,  0,  0,  0,  78,  80,  78,  40,  38,  1882.81,  372,  -6.0,  19.0,  -1013.0
175,[0 0 0 0 0 0 0 0],        ,0, 52, 40, 78,0,0,  0,  0,  -5,  0,  0,  0,  78,  80,  78,  40,  38,  1882.82,  372,  1.0,  6.0,  -994.0
176,[0 0 0 0 0 0 0 0],        ,0, 52, 40, 78,0,0,  0,  0,  -5,  0,  0,  0,  78,  80,  78,  40,  38,  1882.85,  372,  2.0,  11.0,  -1006.0
177,[0 0 0 0 0 0 0 0],        ,0, 52, 40, 78,0,0,  0,  0,  -5,  0,  0,  0,  78,  80,  78,  40,  38,  1882.71,  372,  -11.0,  17.0,  -1002.0
178,[0 0 0 0 0 0 0 0],        ,0, 52, 40, 77,0,0,  0,  0,  -5,  0,  0,  0,  78,  80,  77,  40,  38,  1882.79,  373,  0.0,  2.0,  -1008.0
179,[0 0 0 0 0 0 0 0],        ,0, 52, 40, 77,0,0,  0,  0,  -5,  0,  0,  0,  78,  80,  77,  40,  38,  1882.8,  373,  -13.0,  6.0,  -1001.0
180,[0 0 0 0 0 0 0 0],        ,0, 52, 40, 77,0,0,  0,  0,  -5,  0,  0,  0,  78,  80,  77,  40,  38,  1882.89,  373,  -1.0,  -3.0,  -989.0
181,[0 0 0 0 0 0 0 0],        ,0, 52, 40, 77,0,0,  0,  0,  -5,  0,  0,  0,  77,  80,  77,  40,  38,  1882.77,  373,  -16.0,  0.0,  -982.0
182,[0 0 0 0 0 0 YarLeft 0],        ,0, 52, 40, 77,0,0,  0,  0,  -5,  0,  0,  0,  77,  80,  77,  40,  38,  1882.8,  373,  9.0,  -9.0,  -998.0
183,[0 0 0 0 0 0 YarLeft 0],        ,0, 52, 40, 77,0,0,  0,  0,  -5,  0,  0,  0,  77,  80,  77,  40,  38,  1882.78,  373,  -7.0,  1.0,  -1007.0
184,[0 0 0 0 0 0 YarLeft 0],        ,0, 52, 40, 76,0,0,  0,  0,  -5,  0,  0,  0,  77,  80,  76,  40,  38,  1882.83,  373,  -12.0,  7.0,  -991.0
185,[0 0 0 0 0 0 YarLeft 0],        ,0, 52, 40, 76,0,0,  0,  0,  -7,  0,  0,  0,  77,  80,  76,  40,  38,  1882.81,  374,  2.0,  10.0,  -1001.0
186,[0 0 0 0 0 0 YarLeft 0],        ,0, 52, 40, 76,0,0,  0,  0,  -9,  0,  0,  0,  77,  80,  76,  40,  38,  1882.85,  374,  5.0,  0.0,  -1001.0
187,[0 0 0 0 0 0 YarLeft 0],        ,0, 52, 40, 76,0,0,  0,  0,  -14,  0,  0,  0,  77,  80,  76,  40,  38,  1882.8,  374,  -1.0,  -5.0,  -990.0
188,[0 0 0 0 0 0 YarLeft 0],        ,0, 52, 40, 76,0,0,  0,  0,  -17,  0,  0,  0,  77,  80,  76,  40,  38,  1882.83,  374,  12.0,  5.0,  -1000.0
189,[0 0 0 0 0 0 YarLeft 0],        ,0, 52, 40, 76,0,0,  0,  0,  -22,  0,  0,  0,  77,  80,  76,  40,  38,  1882.86,  374,  -3.0,  3.0,  -1006.0
190,[0 0 0 0 0 0 YarLeft 0],        ,0, 52, 40, 76,0,0,  0,  0,  -24,  0,  0,  0,  77,  80,  76,  40,  38,  1882.88,  374,  0.0,  6.0,  -1006.0
191,[0 0 0 0 0 0 YarLeft 0],        ,0, 52, 40, 76,0,0,  0,  0,  -27,  0,  0,  0,  77,  80,  76,  40,  38,  1882.8,  374,  0.0,  0.0,  -989.0
192,[0 0 0 0 0 0 YarLeft 0],        ,0, 52, 40, 76,0,0,  0,  0,  -32,  0,  0,  0,  77,  80,  76,  40,  37,  1882.91,  375,  3.0,  10.0,  -994.0
193,[0 0 0 0 0 0 YarLeft 0],        ,0, 52, 40, 76,0,0,  0,  0,  -35,  0,  0,  0,  77,  80,  76,  40,  37,  1882.87,  375,  1.0,  2.0,  -989.0
194,[0 0 0 0 0 0 YarLeft 0],        ,0, 52, 40, 76,0,0,  0,  0,  -37,  0,  0,  0,  77,  80,  76,  40,  37,  1882.83,  375,  16.0,  5.0,  -1008.0
195,[0 0 0 0 0 0 YarLeft 0],        ,0, 52, 40, 76,0,0,  0,  0,  -42,  0,  0,  0,  77,  80,  76,  40,  37,  1882.81,  375,  1.0,  10.0,  -1004.0
196,[0 0 0 0 0 0 YarLeft 0],        ,0, 52, 40, 76,0,0,  0,  0,  -44,  0,  0,  0,  78,  80,  76,  40,  37,  1882.91,  375,  7.0,  11.0,  -995.0
197,[0 0 0 0 0 0 YarLeft 0],        ,0, 52, 40, 76,0,0,  0,  0,  -48,  0,  0,  0,  78,  80,  76,  40,  37,  1882.87,  375,  3.0,  8.0,  -995.0
198,[0 0 0 0 0 0 YarLeft 0],        ,0, 52, 40, 76,0,0,  0,  0,  -49,  0,  0,  0,  78,  80,  76,  40,  37,  1882.86,  375,  13.0,  12.0,  -995.0
199,[0 0 0 0 0 0 YarLeft 0],        ,0, 52, 40, 77,0,0,  0,  0,  -51,  0,  0,  0,  78,  80,  77,  40,  37,  1882.91,  375,  2.0,  1.0,  -1003.0
200,[0 0 0 0 0 0 YarLeft 0],        ,0, 52, 40, 76,0,0,  0,  0,  -54,  0,  0,  0,  78,  80,  76,  40,  37,  1883.0,  376,  35.0,  0.0,  -1002.0
201,[0 0 0 0 0 0 YarLeft 0],        ,0, 52, 40, 76,0,0,  0,  0,  -56,  0,  0,  0,  78,  80,  76,  40,  37,  1882.9,  376,  7.0,  15.0,  -999.0
202,[0 0 0 0 0 0 YarLeft 0],        ,0, 52, 40, 76,0,0,  0,  0,  -58,  0,  0,  0,  78,  80,  76,  40,  37,  1882.88,  376,  -6.0,  10.0,  -1007.0
203,[0 0 0 0 0 0 YarLeft 0],        ,0, 52, 40, 76,0,0,  0,  0,  -61,  0,  0,  0,  78,  80,  76,  40,  37,  1882.83,  376,  2.0,  13.0,  -997.0
204,[0 0 0 0 0 0 YarLeft 0],        ,0, 52, 40, 76,0,0,  0,  0,  -65,  0,  0,  0,  78,  80,  76,  40,  37,  1882.79,  376,  -3.0,  8.0,  -1006.0
205,[0 0 0 0 0 0 YarLeft 0],        ,0, 52, 40, 76,0,0,  0,  0,  -67,  0,  0,  0,  78,  80,  76,  40,  37,  1882.87,  376,  -2.0,  1.0,  -990.0
206,[0 0 0 0 0 0 YarLeft 0],        ,0, 52, 40, 76,0,0,  0,  0,  -69,  0,  0,  0,  78,  80,  76,  40,  37,  1882.92,  376,  -10.0,  6.0,  -1003.0
207,[0 0 0 0 0 0 YarLeft 0],        ,0, 52, 40, 77,0,0,  0,  0,  -73,  0,  0,  0,  78,  80,  77,  40,  37,  1882.83,  377,  4.0,  -2.0,  -991.0
208,[0 0 0 0 0 0 YarLeft 0],        ,0, 52, 40, 77,0,0,  0,  0,  -75,  0,  0,  0,  78,  80,  77,  40,  37,  1882.82,  377,  -12.0,  8.0,  -1001.0
209,[0 0 0 0 0 0 YarLeft 0],        ,0, 52, 40, 77,0,0,  0,  0,  -77,  0,  0,  0,  78,  80,  77,  40,  37,  1882.84,  377,  -3.0,  -3.0,  -989.0
210,[0 0 0 0 0 0 YarLeft 0],        ,0, 52, 40, 77,0,0,  0,  0,  -82,  0,  0,  0,  77,  80,  77,  40,  37,  1882.79,  377,  5.0,  -5.0,  -983.0
211,[0 0 0 0 0 0 0 0],        ,0, 52, 40, 78,0,0,  0,  0,  -84,  0,  0,  0,  77,  80,  78,  40,  37,  1882.93,  377,  -12.0,  2.0,  -992.0
212,[0 0 0 0 0 0 0 0],        ,0, 52, 40, 78,0,0,  0,  0,  -86,  0,  0,  0,  77,  80,  78,  40,  37,  1882.86,  377,  9.0,  8.0,  -992.0
213,[0 0 0 0 0 0 0 0],        ,0, 52, 40, 78,0,0,  0,  0,  -90,  0,  0,  0,  77,  80,  78,  40,  36,  1882.81,  377,  8.0,  -1.0,  -994.0
214,[0 0 0 0 0 0 0 0],        ,0, 52, 40, 79,0,0,  0,  0,  -91,  0,  0,  0,  77,  80,  79,  40,  36,  1882.9,  378,  1.0,  7.0,  -988.0
215,[0 0 0 0 0 0 0 0],        ,0, 52, 40, 78,0,0,  0,  0,  -91,  0,  0,  0,  77,  80,  78,  40,  36,  1882.84,  378,  -4.0,  12.0,  -1011.0
216,[0 0 0 0 0 0 0 0],        ,0, 52, 40, 78,0,0,  0,  0,  -91,  0,  0,  0,  77,  80,  78,  40,  36,  1882.78,  378,  0.0,  18.0,  -997.0
217,[0 0 Foward 0 0 0 0 0],        ,-1, 52, 40, 78,0,0,  0,  0,  -91,  0,  0,  0,  77,  80,  78,  40,  36,  1882.83,  378,  3.0,  14.0,  -1012.0
218,[0 0 Foward 0 0 0 0 0],        ,-2, 52, 40, 77,0,0,  0,  0,  -91,  0,  0,  0,  77,  80,  77,  40,  36,  1883.01,  378,  0.0,  6.0,  -1004.0
219,[0 0 Foward 0 0 0 0 0],        ,-3, 52, 40, 77,0,0,  0,  0,  -91,  0,  0,  0,  77,  80,  77,  40,  36,  1882.9,  378,  5.0,  10.0,  -1003.0
220,[0 0 Foward 0 0 0 0 0],        ,-4, 52, 40, 77,0,0,  0,  0,  -91,  0,  0,  0,  77,  80,  77,  40,  36,  1882.94,  378,  6.0,  20.0,  -1008.0
221,[0 0 Foward 0 0 0 0 0],        ,-5, 52, 40, 77,0,0,  0,  0,  -91,  0,  0,  0,  77,  80,  77,  40,  36,  1882.82,  379,  3.0,  20.0,  -1006.0
222,[0 0 Foward 0 0 0 0 0],        ,-6, 52, 40, 76,0,0,  -1,  0,  -91,  0,  0,  0,  77,  80,  76,  40,  36,  1882.89,  379,  -6.0,  9.0,  -1005.0
223,[0 0 Foward 0 0 0 0 0],        ,-7, 52, 40, 76,0,0,  0,  0,  -91,  0,  0,  0,  77,  80,  76,  40,  36,  1882.85,  379,  9.0,  15.0,  -994.0
224,[0 0 Foward 0 0 0 0 0],        ,-8, 52, 40, 76,0,0,  0,  0,  -91,  0,  1,  0,  77,  80,  76,  40,  36,  1882.83,  379,  -9.0,  20.0,  -1010.0
225,[0 0 Foward 0 0 0 0 0],        ,-9, 52, 40, 76,0,0,  0,  -1,  -91,  0,  1,  0,  77,  79,  76,  40,  36,  1882.89,  379,  -20.0,  14.0,  -1011.0
226,[0 0 Foward 0 0 0 0 0],        ,-10, 52, 40, 76,0,0,  0,  -1,  -91,  0,  1,  0,  77,  79,  76,  40,  36,  1882.92,  379,  -9.0,  22.0,  -1009.0
227,[0 0 Foward 0 0 0 0 0],        ,-11, 52, 40, 76,0,0,  0,  -1,  -91,  0,  1,  0,  77,  79,  76,  40,  36,  1882.82,  379,  -25.0,  21.0,  -1006.0
228,[0 0 Foward 0 0 0 0 0],        ,-12, 52, 40, 76,0,0,  0,  -1,  -91,  0,  1,  0,  77,  79,  76,  40,  36,  1882.82,  379,  -21.0,  21.0,  -1008.0
229,[0 0 Foward 0 0 0 0 0],        ,-13, 52, 40, 76,0,0,  0,  -1,  -91,  0,  1,  0,  77,  79,  76,  40,  36,  1882.77,  380,  -14.0,  21.0,  -995.0
230,[0 0 Foward 0 0 0 0 0],        ,-14, 52, 40, 76,0,0,  0,  0,  -91,  0,  1,  0,  77,  79,  76,  40,  36,  1882.74,  380,  -23.0,  9.0,  -1008.0
231,[0 0 Foward 0 0 0 0 0],        ,-15, 52, 40, 76,0,0,  0,  0,  -91,  0,  1,  0,  77,  79,  76,  40,  36,  1882.87,  380,  -22.0,  9.0,  -994.0
232,[0 0 Foward 0 0 0 0 0],        ,-16, 52, 40, 77,0,0,  0,  0,  -91,  0,  1,  0,  76,  80,  77,  40,  36,  1882.82,  380,  -22.0,  7.0,  -998.0
233,[0 0 Foward 0 0 0 0 0],        ,-17, 52, 40, 76,0,0,  0,  0,  -91,  0,  1,  0,  76,  80,  76,  40,  36,  1882.79,  380,  -7.0,  15.0,  -997.0
234,[0 0 Foward 0 0 0 0 0],        ,-18, 52, 40, 77,0,0,  0,  0,  -91,  0,  1,  0,  76,  80,  77,  40,  36,  1882.87,  380,  -24.0,  9.0,  -1009.0
235,[0 0 Foward 0 0 0 0 0],        ,-19, 52, 40, 77,0,0,  0,  0,  -91,  0,  1,  0,  76,  80,  77,  40,  35,  1882.81,  380,  -11.0,  5.0,  -1002.0
236,[0 0 Foward 0 0 0 0 0],        ,-20, 52, 40, 77,0,0,  0,  0,  -91,  0,  1,  0,  76,  80,  77,  40,  35,  1882.81,  381,  -5.0,  13.0,  -987.0
237,[0 0 Foward 0 0 0 0 0],        ,-21, 52, 40, 76,0,0,  0,  0,  -91,  0,  1,  0,  76,  80,  76,  40,  35,  1882.78,  381,  -19.0,  -2.0,  -999.0
238,[0 0 Foward 0 0 0 0 0],        ,-22, 52, 40, 76,0,0,  0,  0,  -91,  0,  1,  0,  76,  80,  76,  40,  35,  1882.83,  381,  -21.0,  2.0,  -1002.0
239,[0 0 Foward 0 0 0 0 0],        ,-23, 52, 40, 76,0,0,  0,  0,  -91,  0,  1,  0,  77,  80,  76,  40,  35,  1882.83,  381,  -1.0,  2.0,  -998.0
240,[0 0 0 0 0 0 0 0],        ,-23, 52, 40, 75,0,0,  0,  0,  -91,  0,  1,  0,  77,  80,  75,  40,  35,  1882.81,  381,  -15.0,  19.0,  -1014.0
241,[0 0 0 0 0 0 0 0],        ,-23, 52, 40, 75,0,0,  0,  0,  -91,  0,  1,  0,  77,  80,  75,  40,  35,  1882.79,  381,  -31.0,  -15.0,  -995.0
242,[0 0 0 0 0 0 0 0],        ,-23, 52, 40, 75,0,0,  0,  0,  -91,  0,  1,  0,  77,  80,  75,  40,  35,  1882.78,  381,  -23.0,  -2.0,  -1015.0
243,[0 0 0 0 0 0 0 0],        ,-23, 52, 40, 75,0,0,  0,  0,  -91,  0,  1,  0,  77,  80,  75,  40,  35,  1882.77,  382,  -20.0,  12.0,  -1009.0
244,[0 0 0 0 0 0 0 0],        ,-23, 52, 40, 75,0,0,  0,  0,  -91,  0,  1,  0,  77,  80,  75,  40,  35,  1882.78,  382,  -19.0,  0.0,  -977.0
245,[0 0 0 0 0 0 0 0],        ,-23, 52, 40, 75,0,0,  0,  0,  -91,  0,  1,  0,  77,  80,  75,  40,  35,  1882.83,  382,  -13.0,  -6.0,  -981.0
246,[0 0 0 0 0 0 0 0],        ,-23, 52, 40, 75,0,0,  1,  0,  -91,  0,  1,  0,  77,  80,  75,  40,  35,  1882.69,  382,  -22.0,  -1.0,  -1011.0
247,[0 0 0 0 0 0 0 0],        ,-23, 52, 40, 75,0,0,  2,  0,  -91,  0,  0,  0,  77,  80,  75,  40,  35,  1882.78,  382,  -11.0,  -4.0,  -1007.0
248,[0 0 0 0 0 0 0 0],        ,-23, 52, 40, 75,0,0,  1,  0,  -91,  0,  0,  0,  77,  80,  75,  40,  35,  1882.79,  382,  -4.0,  9.0,  -1015.0
249,[0 0 0 0 0 0 0 0],        ,-23, 52, 40, 75,0,0,  0,  0,  -91,  0,  0,  0,  77,  80,  75,  40,  35,  1882.79,  382,  -3.0,  -8.0,  -1008.0
250,[0 0 0 0 0 0 0 0],        ,-23, 52, 40, 75,0,0,  0,  0,  -91,  0,  0,  0,  77,  80,  75,  40,  34,  1882.72,  383,  -14.0,  6.0,  -1014.0
251,[0 0 0 0 0 0 0 0],        ,-23, 52, 40, 75,0,0,  0,  0,  -91,  0,  0,  0,  77,  80,  75,  40,  34,  1882.74,  383,  3.0,  2.0,  -1001.0
252,[0 0 0 0 0 0 0 0],        ,-23, 52, 40, 75,0,0,  0,  0,  -91,  0,  0,  0,  77,  80,  75,  40,  34,  1882.78,  383,  -2.0,  -7.0,  -989.0
253,[0 0 0 0 0 0 YarLeft 0],        ,-23, 52, 40, 75,0,0,  0,  0,  -91,  0,  0,  0,  77,  80,  75,  40,  34,  1882.78,  383,  10.0,  16.0,  -999.0
254,[0 0 0 0 0 0 YarLeft 0],        ,-23, 52, 40, 75,0,0,  0,  0,  -91,  0,  0,  0,  76,  79,  75,  40,  34,  1882.81,  383,  -4.0,  4.0,  -1012.0
255,[0 0 0 0 0 0 YarLeft 0],        ,-23, 52, 40, 76,0,0,  0,  0,  -91,  0,  0,  0,  76,  79,  76,  40,  34,  1882.82,  383,  0.0,  5.0,  -1010.0
256,[0 0 0 0 0 0 YarLeft 0],        ,-23, 52, 40, 76,0,0,  0,  0,  -94,  0,  0,  0,  76,  79,  76,  40,  34,  1882.79,  383,  -13.0,  1.0,  -1009.0
257,[0 0 0 0 0 0 YarLeft 0],        ,-23, 52, 40, 76,0,0,  0,  0,  -97,  0,  0,  0,  76,  79,  76,  40,  34,  1882.83,  384,  4.0,  0.0,  -995.0
258,[0 0 0 0 0 0 YarLeft 0],        ,-23, 52, 40, 75,0,0,  0,  0,  -99,  0,  0,  0,  76,  79,  75,  40,  34,  1882.78,  384,  4.0,  14.0,  -1012.0
259,[0 0 0 0 0 0 YarLeft 0],        ,-23, 52, 40, 75,0,0,  0,  0,  -104,  0,  0,  0,  76,  79,  75,  40,  34,  1882.76,  384,  4.0,  7.0,  -1015.0
260,[0 0 0 0 0 0 YarLeft 0],        ,-23, 52, 40, 76,0,0,  0,  0,  -108,  0,  0,  0,  76,  79,  76,  40,  34,  1882.79,  384,  -9.0,  1.0,  -993.0
261,[0 0 0 0 0 0 YarLeft 0],        ,-23, 52, 40, 75,0,0,  0,  0,  -111,  0,  0,  0,  77,  79,  75,  40,  34,  1882.71,  384,  -7.0,  -6.0,  -999.0
262,[0 0 0 0 0 0 YarLeft 0],        ,-23, 52, 40, 75,0,0,  0,  0,  -113,  0,  0,  0,  77,  79,  75,  40,  34,  1882.7,  384,  -1.0,  4.0,  -1011.0
263,[0 0 0 0 0 0 YarLeft 0],        ,-23, 52, 40, 76,0,0,  0,  0,  -118,  0,  0,  0,  77,  79,  76,  40,  34,  1882.75,  384,  -12.0,  -14.0,  -1000.0
264,[0 0 0 0 0 0 YarLeft 0],        ,-23, 52, 40, 76,0,0,  0,  0,  -120,  0,  0,  0,  77,  79,  76,  40,  34,  1882.75,  385,  6.0,  8.0,  -1002.0
265,[0 0 0 0 0 0 YarLeft 0],        ,-23, 52, 40, 76,0,0,  0,  0,  -123,  0,  0,  0,  77,  79,  76,  40,  34,  1882.7,  385,  -2.0,  7.0,  -1009.0
266,[0 0 0 0 0 0 YarLeft 0],        ,-23, 52, 40, 76,0,0,  0,  0,  -127,  0,  0,  0,  77,  79,  76,  40,  34,  1882.75,  385,  -10.0,  5.0,  -997.0
267,[0 0 0 0 0 0 YarLeft 0],        ,-23, 52, 40, 76,0,0,  0,  0,  -129,  0,  0,  0,  77,  79,  76,  40,  34,  1882.8,  385,  1.0,  -5.0,  -995.0
268,[0 0 0 0 0 0 YarLeft 0],        ,-23, 52, 40, 77,0,0,  0,  0,  -134,  0,  0,  0,  77,  79,  77,  40,  34,  1882.82,  385,  1.0,  -3.0,  -992.0
269,[0 0 0 0 0 0 YarLeft 0],        ,-23, 52, 40, 76,0,0,  0,  0,  -136,  0,  0,  0,  77,  79,  76,  40,  34,  1882.75,  385,  -13.0,  3.0,  -1019.0
270,[0 0 0 0 0 0 YarLeft 0],        ,-23, 52, 40, 77,0,0,  0,  0,  -138,  0,  0,  0,  77,  79,  77,  40,  34,  1882.68,  385,  -9.0,  7.0,  -1003.0
271,[0 0 0 0 0 0 YarLeft 0],        ,-23, 52, 40, 77,0,0,  0,  0,  -142,  0,  0,  0,  77,  79,  77,  40,  33,  1882.8,  386,  -8.0,  5.0,  -1013.0
272,[0 0 0 0 0 0 YarLeft 0],        ,-23, 52, 40, 77,0,0,  0,  0,  -144,  0,  0,  0,  77,  79,  77,  40,  33,  1882.75,  386,  -20.0,  -14.0,  -1011.0
273,[0 0 0 0 0 0 YarLeft 0],        ,-23, 52, 40, 77,0,0,  0,  0,  -146,  0,  0,  0,  77,  79,  77,  40,  33,  1882.76,  386,  -13.0,  5.0,  -990.0
274,[0 0 0 0 0 0 YarLeft 0],        ,-23, 52, 40, 77,0,0,  0,  0,  -150,  0,  0,  0,  77,  79,  77,  40,  33,  1882.79,  386,  -5.0,  -13.0,  -994.0
275,[0 0 0 0 0 0 YarLeft 0],        ,-23, 52, 40, 77,0,0,  0,  0,  -152,  0,  0,  0,  77,  79,  77,  40,  33,  1882.86,  386,  -11.0,  7.0,  -1001.0
276,[0 0 0 0 0 0 YarLeft 0],        ,-23, 52, 40, 77,0,0,  0,  0,  -156,  0,  0,  0,  77,  80,  77,  40,  33,  1882.81,  386,  -11.0,  -13.0,  -999.0
277,[0 0 0 0 0 0 YarLeft 0],        ,-23, 52, 40, 77,0,0,  0,  0,  -158,  0,  0,  0,  77,  80,  77,  40,  33,  1882.74,  386,  -4.0,  5.0,  -1001.0
278,[0 0 0 0 0 0 YarLeft 0],        ,-23, 52, 40, 77,0,0,  0,  0,  -160,  0,  0,  0,  77,  80,  77,  40,  33,  1882.79,  386,  -3.0,  -2.0,  -1006.0
279,[0 0 0 0 0 0 YarLeft 0],        ,-23, 52, 40, 77,0,0,  0,  0,  -164,  0,  0,  0,  77,  80,  77,  40,  33,  1882.71,  387,  -13.0,  14.0,  -995.0
280,[0 0 0 0 0 0 YarLeft 0],        ,-23, 52, 40, 77,0,0,  0,  0,  -166,  0,  0,  0,  77,  80,  77,  40,  33,  1882.8,  387,  -20.0,  -7.0,  -999.0
281,[0 0 0 0 0 0 YarLeft 0],        ,-23, 52, 40, 77,0,0,  0,  0,  -168,  0,  0,  0,  77,  80,  77,  40,  33,  1882.8,  387,  -2.0,  5.0,  -1006.0
282,[0 0 0 0 0 0 YarLeft 0],        ,-23, 52, 40, 77,0,0,  0,  0,  -172,  0,  0,  0,  77,  80,  77,  40,  33,  1882.85,  387,  -3.0,  -6.0,  -998.0
283,[0 0 0 0 0 0 YarLeft 0],        ,-23, 52, 40, 77,0,0,  0,  0,  -174,  0,  0,  0,  77,  79,  77,  40,  33,  1882.84,  387,  -12.0,  1.0,  -1009.0
284,[0 0 0 0 0 0 YarLeft 0],        ,-23, 52, 40, 77,0,0,  0,  0,  -175,  0,  0,  0,  77,  79,  77,  40,  33,  1882.86,  387,  -13.0,  -1.0,  -1004.0
285,[0 0 0 0 0 0 YarLeft 0],        ,-23, 52, 40, 77,0,0,  0,  0,  -179,  0,  0,  0,  77,  79,  77,  40,  33,  1882.83,  387,  -7.0,  -3.0,  -981.0
286,[0 0 0 0 0 0 YarLeft 0],        ,-23, 52, 40, 77,0,0,  0,  0,  -179,  0,  0,  0,  77,  79,  77,  40,  33,  1882.83,  387,  -7.0,  -3.0,  -981.0
287,[0 0 0 0 0 0 YarLeft 0],        ,-23, 52, 40, 77,0,0,  0,  0,  -179,  0,  0,  0,  77,  79,  77,  40,  33,  1882.83,  387,  -7.0,  -3.0,  -981.0
288,[0 0 0 0 0 0 0 0],        ,-23, 52, 40, 76,0,0,  0,  0,  171,  0,  0,  0,  77,  79,  76,  40,  33,  1882.75,  388,  -7.0,  1.0,  -999.0
289,[0 0 0 0 0 0 0 0],        ,-23, 52, 40, 76,0,0,  0,  0,  169,  0,  0,  0,  77,  79,  76,  40,  33,  1882.82,  388,  -7.0,  -10.0,  -991.0
290,[0 0 Foward 0 0 0 0 0],        ,-23, 52, 40, 76,0,0,  0,  0,  165,  0,  0,  0,  76,  79,  76,  40,  33,  1882.82,  388,  -14.0,  7.0,  -1007.0
291,[0 0 Foward 0 0 0 0 0],        ,-23, 51, 40, 76,0,0,  0,  0,  164,  0,  0,  0,  76,  79,  76,  40,  33,  1882.79,  388,  -16.0,  -7.0,  -998.0
292,[0 0 Foward 0 0 0 0 0],        ,-23, 50, 40, 76,0,0,  0,  0,  164,  0,  0,  0,  76,  79,  76,  40,  33,  1882.81,  388,  -17.0,  -3.0,  -1013.0
293,[0 0 Foward 0 0 0 0 0],        ,-23, 49, 40, 76,0,0,  0,  0,  164,  0,  0,  0,  76,  79,  76,  40,  33,  1882.89,  389,  -15.0,  -15.0,  -1005.0
294,[0 0 Foward 0 0 0 0 0],        ,-23, 48, 40, 76,0,0,  -1,  0,  164,  0,  0,  0,  76,  79,  76,  40,  33,  1882.81,  389,  -4.0,  0.0,  -1012.0
295,[0 0 Foward 0 0 0 0 0],        ,-23, 47, 40, 77,0,0,  -1,  0,  164,  0,  0,  0,  76,  79,  77,  40,  33,  1882.78,  389,  -3.0,  0.0,  -1004.0
296,[0 0 Foward 0 0 0 0 0],        ,-23, 46, 40, 77,0,0,  -1,  0,  164,  0,  0,  0,  76,  79,  77,  40,  33,  1882.78,  389,  -16.0,  -5.0,  -1000.0
297,[0 0 Foward 0 0 0 0 0],        ,-23, 45, 40, 77,0,0,  -1,  0,  164,  0,  0,  0,  76,  79,  77,  40,  33,  1882.8,  389,  -16.0,  4.0,  -1010.0
298,[0 0 Foward 0 0 0 0 0],        ,-23, 44, 40, 77,0,0,  -1,  0,  164,  1,  0,  0,  75,  79,  77,  40,  33,  1882.81,  389,  -17.0,  -2.0,  -995.0
299,[0 0 Foward 0 0 0 0 0],        ,-23, 43, 40, 78,0,0,  -1,  0,  164,  1,  0,  0,  75,  79,  78,  40,  33,  1882.88,  389,  -18.0,  -11.0,  -989.0
300,[0 0 Foward 0 0 0 0 0],        ,-23, 42, 40, 78,0,0,  -1,  0,  164,  1,  0,  0,  75,  79,  78,  40,  32,  1882.78,  389,  -28.0,  3.0,  -994.0
301,[0 0 Foward 0 0 0 0 0],        ,-23, 41, 40, 78,0,0,  -1,  0,  164,  1,  0,  0,  75,  79,  78,  40,  32,  1882.84,  390,  -20.0,  -8.0,  -987.0
302,[0 0 Foward 0 0 0 0 0],        ,-23, 40, 40, 77,0,0,  -1,  0,  165,  1,  0,  0,  75,  79,  77,  40,  32,  1883.0,  390,  -5.0,  -1.0,  -979.0
303,[0 0 Foward 0 0 0 0 0],        ,-23, 39, 40, 77,0,0,  0,  0,  164,  1,  0,  0,  75,  79,  77,  40,  32,  1882.97,  390,  -9.0,  0.0,  -987.0
304,[0 0 Foward 0 0 0 0 0],        ,-23, 38, 40, 77,0,0,  0,  0,  164,  1,  0,  0,  75,  79,  77,  40,  32,  1882.93,  390,  -14.0,  5.0,  -995.0
305,[0 0 0 0 0 0 0 0],        ,-23, 38, 40, 76,0,0,  -1,  0,  164,  1,  0,  0,  76,  79,  76,  40,  32,  1882.85,  390,  -11.0,  13.0,  -999.0
306,[0 0 0 0 0 0 0 0],        ,-23, 38, 40, 76,0,0,  0,  0,  164,  1,  0,  0,  76,  79,  76,  40,  32,  1882.9,  390,  -13.0,  6.0,  -1017.0
307,[0 0 0 0 0 0 0 0],        ,-23, 38, 40, 76,0,0,  0,  0,  164,  1,  0,  0,  76,  79,  76,  40,  32,  1882.91,  390,  -9.0,  13.0,  -1007.0
308,[0 0 0 0 0 0 0 0],        ,-23, 38, 40, 76,0,0,  0,  0,  164,  1,  0,  0,  76,  79,  76,  40,  32,  1882.82,  391,  -24.0,  4.0,  -1000.0
309,[0 0 0 0 0 0 0 0],        ,-23, 38, 40, 76,0,0,  0,  0,  164,  1,  0,  0,  76,  79,  76,  40,  32,  1882.84,  391,  -23.0,  0.0,  -995.0
310,[0 0 0 0 0 0 0 0],        ,-23, 38, 40, 76,0,0,  0,  0,  164,  1,  0,  0,  76,  79,  76,  40,  32,  1882.73,  391,  -15.0,  14.0,  -987.0
311,[0 0 0 0 0 0 0 0],        ,-23, 38, 40, 76,0,0,  2,  0,  164,  0,  0,  0,  76,  79,  76,  40,  32,  1882.87,  391,  -20.0,  15.0,  -1012.0
312,[0 0 0 0 0 0 0 0],        ,-23, 38, 40, 76,0,0,  1,  0,  164,  0,  0,  0,  77,  79,  76,  40,  32,  1882.84,  391,  -17.0,  0.0,  -991.0
313,[0 0 0 0 0 0 0 0],        ,-23, 38, 40, 75,0,0,  0,  0,  164,  0,  0,  0,  77,  79,  75,  40,  32,  1882.81,  391,  -19.0,  3.0,  -971.0
314,[0 0 0 0 0 0 0 0],        ,-23, 38, 40, 75,0,0,  0,  0,  164,  0,  0,  0,  77,  79,  75,  40,  32,  1882.78,  391,  -17.0,  -3.0,  -1011.0
315,[0 0 0 0 0 0 0 0],        ,-23, 38, 40, 75,0,0,  0,  0,  164,  0,  0,  0,  77,  79,  75,  40,  32,  1882.86,  392,  -16.0,  10.0,  -1006.0
316,[0 0 0 0 0 0 0 0],        ,-23, 38, 40, 75,0,0,  0,  0,  164,  0,  0,  0,  77,  79,  75,  40,  32,  1882.83,  392,  5.0,  10.0,  -991.0
317,[0 0 0 0 0 0 0 0],        ,-23, 38, 40, 75,0,0,  0,  0,  164,  0,  0,  0,  77,  79,  75,  40,  32,  1882.85,  392,  -16.0,  11.0,  -992.0
318,[0 0 0 0 0 0 0 0],        ,-23, 38, 40, 75,0,0,  0,  0,  164,  0,  0,  0,  77,  79,  75,  40,  32,  1882.83,  392,  -25.0,  -9.0,  -1005.0
319,[0 0 0 0 0 0 0 0],        ,-23, 38, 40, 75,0,0,  0,  0,  164,  0,  0,  0,  76,  79,  75,  40,  32,  1882.81,  392,  -9.0,  4.0,  -1009.0
320,[0 0 0 0 0 0 0 0],        ,-23, 38, 40, 75,0,0,  0,  0,  164,  0,  0,  0,  76,  79,  75,  40,  32,  1882.78,  392,  -14.0,  2.0,  -1000.0
321,[0 0 0 0 0 0 0 0],        ,-23, 38, 40, 76,0,0,  0,  0,  164,  0,  0,  0,  76,  79,  76,  40,  31,  1882.79,  392,  -15.0,  22.0,  -1000.0
322,[0 0 0 0 0 0 0 0],        ,-23, 38, 40, 77,0,0,  0,  0,  164,  0,  0,  0,  76,  79,  77,  40,  31,  1882.87,  393,  -9.0,  2.0,  -997.0
323,[0 0 0 0 0 0 0 0],        ,-23, 38, 40, 77,0,0,  0,  0,  164,  0,  0,  0,  76,  79,  77,  40,  31,  1882.82,  393,  -17.0,  21.0,  -1017.0
324,[0 0 0 0 0 0 0 0],        ,-23, 38, 40, 78,0,0,  0,  0,  164,  0,  0,  0,  76,  79,  78,  40,  31,  1882.85,  393,  -11.0,  3.0,  -978.0
325,[0 0 0 0 0 0 0 0],        ,-23, 38, 40, 78,0,0,  0,  0,  164,  0,  0,  0,  76,  79,  78,  40,  31,  1882.81,  393,  -23.0,  8.0,  -972.0
326,[0 0 0 0 0 0 0 0],        ,-23, 38, 40, 78,0,0,  0,  0,  164,  0,  0,  0,  76,  79,  78,  40,  31,  1882.83,  393,  -12.0,  19.0,  -1003.0
327,[0 0 0 0 0 0 0 0],        ,-23, 38, 40, 78,0,0,  0,  0,  164,  0,  0,  0,  76,  78,  78,  40,  31,  1882.85,  393,  -3.0,  15.0,  -999.0
328,[0 0 0 0 0 0 0 0],        ,-23, 38, 40, 78,0,0,  0,  0,  164,  0,  0,  0,  76,  78,  78,  40,  31,  1882.85,  393,  -5.0,  9.0,  -985.0
329,[Left 0 0 0 0 0 0 0],        ,-22, 38, 40, 78,0,0,  0,  0,  164,  0,  0,  0,  76,  78,  78,  40,  31,  1882.8,  393,  -15.0,  25.0,  -997.0
330,[Left 0 0 0 0 0 0 0],        ,-21, 38, 40, 78,0,0,  0,  0,  164,  0,  0,  0,  76,  78,  78,  40,  31,  1882.78,  394,  -14.0,  0.0,  -989.0
331,[Left 0 0 0 0 0 0 0],        ,-20, 38, 40, 77,0,0,  0,  0,  164,  0,  0,  0,  76,  78,  77,  40,  31,  1882.76,  394,  4.0,  3.0,  -987.0
332,[Left 0 0 0 0 0 0 0],        ,-19, 38, 40, 77,0,0,  0,  0,  164,  0,  0,  0,  76,  78,  77,  40,  31,  1882.77,  394,  -16.0,  -1.0,  -1000.0
333,[Left 0 0 0 0 0 0 0],        ,-18, 38, 40, 77,0,0,  0,  -1,  164,  0,  0,  0,  76,  78,  77,  40,  31,  1882.86,  394,  -26.0,  -1.0,  -1005.0
334,[Left 0 0 0 0 0 0 0],        ,-17, 38, 40, 77,0,0,  0,  -1,  164,  0,  0,  0,  75,  79,  77,  40,  31,  1882.85,  394,  -8.0,  7.0,  -1001.0
335,[Left 0 0 0 0 0 0 0],        ,-16, 38, 40, 77,0,0,  0,  -1,  164,  0,  0,  0,  75,  79,  77,  40,  31,  1882.7,  394,  -24.0,  6.0,  -1010.0
336,[Left 0 0 0 0 0 0 0],        ,-15, 38, 40, 77,0,0,  0,  -1,  164,  0,  -1,  0,  75,  79,  77,  40,  31,  1882.73,  394,  -38.0,  -11.0,  -992.0
337,[Left 0 0 0 0 0 0 0],        ,-14, 38, 40, 77,0,0,  0,  -1,  164,  0,  -1,  0,  75,  79,  77,  40,  31,  1882.75,  395,  -4.0,  0.0,  -990.0
338,[Left 0 0 0 0 0 0 0],        ,-13, 38, 40, 77,0,0,  0,  0,  164,  0,  -1,  0,  75,  79,  77,  40,  31,  1882.8,  395,  -12.0,  -3.0,  -993.0
339,[Left 0 0 0 0 0 0 0],        ,-12, 38, 40, 77,0,0,  0,  -1,  164,  0,  -1,  0,  75,  79,  77,  40,  31,  1882.75,  395,  -18.0,  11.0,  -1004.0
340,[Left 0 0 0 0 0 0 0],        ,-11, 38, 40, 78,0,0,  0,  0,  164,  0,  -1,  0,  75,  79,  78,  40,  31,  1882.86,  395,  -16.0,  -8.0,  -1008.0
341,[Left 0 0 0 0 0 0 0],        ,-10, 38, 40, 77,0,0,  0,  0,  164,  0,  -1,  0,  76,  79,  77,  40,  31,  1882.77,  395,  -28.0,  0.0,  -1000.0
342,[Left 0 0 0 0 0 0 0],        ,-9, 38, 40, 78,0,0,  0,  0,  164,  0,  -1,  0,  76,  79,  78,  40,  31,  1882.8,  395,  -15.0,  10.0,  -1003.0
343,[Left 0 0 0 0 0 0 0],        ,-8, 38, 40, 78,0,0,  0,  0,  164,  0,  -1,  0,  76,  79,  78,  40,  31,  1882.73,  395,  -16.0,  16.0,  -1005.0
344,[Left 0 0 0 0 0 0 0],        ,-7, 38, 40, 78,0,0,  0,  0,  164,  0,  -1,  0,  76,  79,  78,  40,  31,  1882.84,  396,  -10.0,  9.0,  -999.0
345,[Left 0 0 0 0 0 0 0],        ,-6, 38, 40, 78,0,0,  0,  0,  164,  0,  -1,  0,  76,  79,  78,  40,  31,  1882.74,  396,  -13.0,  13.0,  -998.0
346,[Left 0 0 0 0 0 0 0],        ,-5, 38, 40, 79,0,0,  0,  0,  164,  0,  -1,  0,  76,  79,  79,  40,  31,  1882.76,  396,  -2.0,  8.0,  -1008.0
347,[Left 0 0 0 0 0 0 0],        ,-4, 38, 40, 78,0,0,  0,  0,  164,  0,  -1,  0,  76,  79,  78,  40,  31,  1882.74,  396,  -14.0,  11.0,  -995.0
348,[Left 0 0 0 0 0 0 0],        ,-3, 38, 40, 78,0,0,  0,  0,  165,  0,  -1,  0,  77,  78,  78,  40,  31,  1882.8,  396,  18.0,  7.0,  -1003.0
349,[Left 0 0 0 0 0 0 0],        ,-2, 38, 40, 79,0,0,  0,  0,  165,  0,  -1,  0,  77,  78,  79,  40,  31,  1882.91,  396,  -13.0,  8.0,  -1002.0
350,[Left 0 0 0 0 0 0 0],        ,-1, 38, 40, 79,0,0,  0,  0,  165,  0,  -1,  0,  77,  78,  79,  40,  31,  1882.83,  396,  -7.0,  9.0,  -1004.0
351,[Left 0 0 0 0 0 0 0],        ,0, 38, 40, 79,0,0,  0,  0,  165,  0,  -1,  0,  77,  78,  79,  40,  30,  1882.87,  397,  -4.0,  16.0,  -996.0
352,[Left 0 0 0 0 0 0 0],        ,1, 38, 40, 78,0,0,  0,  0,  165,  0,  -1,  0,  77,  78,  78,  40,  30,  1882.77,  397,  -14.0,  18.0,  -983.0
353,[Left 0 0 0 0 0 0 0],        ,2, 38, 40, 78,0,0,  0,  0,  165,  0,  -1,  0,  77,  78,  78,  40,  30,  1882.79,  397,  -11.0,  19.0,  -997.0
354,[Left 0 0 0 0 0 0 0],        ,3, 38, 40, 78,0,0,  0,  0,  165,  0,  -1,  0,  77,  78,  78,  40,  30,  1882.86,  397,  -3.0,  21.0,  -999.0
355,[Left 0 0 0 0 0 0 0],        ,4, 38, 40, 77,0,0,  0,  0,  165,  0,  -1,  0,  77,  78,  77,  40,  30,  1882.84,  397,  0.0,  17.0,  -986.0
356,[Left 0 0 0 0 0 0 0],        ,5, 38, 40, 77,0,0,  0,  0,  165,  0,  -1,  0,  76,  77,  77,  40,  30,  1882.91,  397,  -11.0,  17.0,  -990.0
357,[Left 0 0 0 0 0 0 0],        ,6, 38, 40, 76,0,0,  0,  0,  165,  0,  -1,  0,  76,  77,  76,  40,  30,  1882.88,  397,  13.0,  13.0,  -997.0
358,[Left 0 0 0 0 0 0 0],        ,7, 38, 40, 76,0,0,  0,  -1,  165,  0,  -1,  0,  76,  77,  76,  40,  30,  1882.91,  398,  -12.0,  17.0,  -1003.0
359,[Left 0 0 0 0 0 0 0],        ,8, 38, 40, 75,0,0,  0,  -1,  165,  0,  -1,  0,  76,  77,  75,  40,  30,  1882.95,  398,  -10.0,  30.0,  -992.0
360,[Left 0 0 0 0 0 0 0],        ,9, 38, 40, 75,0,0,  0,  -1,  165,  0,  -1,  0,  76,  77,  75,  40,  30,  1882.9,  398,  -8.0,  31.0,  -1008.0
361,[Left 0 0 0 0 0 0 0],        ,10, 38, 40, 75,0,0,  0,  -1,  165,  0,  -1,  0,  76,  77,  75,  40,  30,  1882.93,  398,  1.0,  14.0,  -992.0
362,[Left 0 0 0 0 0 0 0],        ,11, 38, 40, 74,0,0,  0,  0,  165,  0,  -1,  0,  76,  77,  74,  40,  30,  1882.93,  398,  18.0,  13.0,  -1016.0
363,[0 0 0 0 0 0 0 0],        ,12, 38, 40, 74,0,0,  0,  -1,  165,  0,  -1,  0,  76,  78,  74,  40,  30,  1882.91,  398,  10.0,  20.0,  -1045.0
364,[0 0 0 0 0 0 0 0],        ,12, 38, 40, 74,0,0,  0,  -1,  165,  0,  -1,  0,  76,  78,  74,  40,  30,  1882.91,  398,  31.0,  14.0,  -989.0
365,[0 0 0 0 0 0 0 0],        ,12, 38, 40, 74,0,0,  0,  -1,  165,  0,  -1,  0,  76,  78,  74,  40,  30,  1882.93,  399,  9.0,  14.0,  -1021.0
366,[0 0 0 0 0 0 0 0],        ,12, 38, 40, 74,0,0,  1,  0,  165,  0,  -1,  0,  76,  78,  74,  40,  30,  1882.94,  399,  35.0,  18.0,  -950.0
367,[0 0 0 0 0 0 0 0],        ,12, 38, 40, 74,0,0,  1,  0,  165,  0,  -1,  0,  76,  78,  74,  40,  30,  1883.0,  399,  11.0,  15.0,  -1028.0
368,[0 0 0 0 0 0 0 0],        ,12, 38, 40, 74,0,0,  1,  0,  165,  0,  -1,  0,  76,  78,  74,  40,  30,  1882.88,  399,  34.0,  16.0,  -969.0
369,[0 0 0 0 0 0 0 0],        ,12, 38, 40, 74,0,0,  1,  0,  165,  0,  -1,  0,  76,  78,  74,  40,  30,  1882.94,  399,  15.0,  9.0,  -1020.0
370,[0 0 0 0 0 0 0 0],        ,12, 38, 40, 73,0,0,  2,  1,  165,  0,  0,  0,  76,  77,  73,  40,  30,  1882.93,  399,  23.0,  34.0,  -1015.0
371,[0 0 0 0 0 0 0 0],        ,12, 38, 40, 74,0,0,  1,  0,  165,  0,  0,  0,  76,  77,  74,  40,  30,  1882.82,  399,  31.0,  5.0,  -1017.0
372,[0 0 0 0 0 0 0 0],        ,12, 38, 40, 75,0,0,  1,  0,  164,  0,  0,  0,  76,  77,  75,  40,  29,  1882.82,  400,  20.0,  0.0,  -1008.0
373,[0 0 0 0 0 0 0 0],        ,12, 38, 40, 76,0,0,  1,  0,  164,  0,  0,  0,  76,  77,  76,  40,  29,  1882.83,  400,  2.0,  28.0,  -1003.0
374,[0 0 0 0 0 0 0 0],        ,12, 38, 40, 78,0,0,  1,  0,  164,  0,  0,  0,  76,  77,  78,  40,  29,  1882.85,  400,  12.0,  21.0,  -992.0
375,[0 0 0 0 0 0 0 0],        ,12, 38, 40, 78,0,0,  1,  0,  164,  0,  0,  0,  76,  77,  78,  40,  29,  1882.91,  400,  9.0,  19.0,  -992.0
376,[0 0 0 0 0 0 0 0],        ,12, 38, 40, 78,0,0,  1,  0,  164,  0,  0,  0,  76,  77,  78,  40,  29,  1883.01,  400,  23.0,  -8.0,  -965.0
377,[0 0 0 0 0 0 0 0],        ,12, 38, 40, 77,0,0,  1,  0,  164,  0,  0,  0,  76,  77,  77,  40,  29,  1882.95,  400,  1.0,  12.0,  -993.0
378,[0 0 0 0 0 0 0 0],        ,12, 38, 40, 77,0,0,  1,  0,  164,  0,  0,  0,  76,  77,  77,  40,  29,  1882.96,  400,  17.0,  9.0,  -976.0
379,[0 0 0 0 0 0 0 0],        ,12, 38, 40, 77,0,0,  1,  0,  164,  0,  0,  0,  76,  77,  77,  40,  29,  1882.95,  400,  26.0,  -2.0,  -995.0
380,[0 0 0 0 0 0 0 0],        ,12, 38, 40, 75,0,0,  0,  0,  164,  0,  0,  0,  76,  77,  75,  40,  29,  1882.93,  401,  -8.0,  20.0,  -1017.0
381,[0 0 0 0 0 0 0 0],        ,12, 38, 40, 75,0,0,  0,  0,  164,  0,  0,  0,  76,  77,  75,  40,  29,  1882.91,  401,  9.0,  3.0,  -1024.0
382,[0 0 0 0 0 0 0 0],        ,12, 38, 40, 75,0,0,  0,  0,  164,  0,  0,  0,  76,  77,  75,  40,  29,  1882.93,  401,  2.0,  21.0,  -995.0
383,[0 0 0 0 0 0 0 0],        ,12, 38, 40, 75,0,0,  0,  0,  164,  0,  0,  0,  76,  77,  75,  40,  29,  1882.94,  401,  11.0,  3.0,  -1009.0
384,[0 0 0 0 0 0 0 0],        ,12, 38, 40, 75,0,0,  0,  0,  164,  0,  0,  0,  76,  77,  75,  40,  29,  1882.97,  401,  -3.0,  23.0,  -1024.0
385,[0 0 0 0 0 0 0 0],        ,12, 38, 40, 76,0,0,  0,  0,  164,  0,  0,  0,  75,  78,  76,  40,  29,  1882.98,  401,  12.0,  -7.0,  -1003.0
386,[0 0 0 0 0 0 0 0],        ,12, 38, 40, 76,0,0,  0,  0,  164,  0,  0,  0,  75,  78,  76,  40,  28,  1882.89,  401,  1.0,  21.0,  -1037.0
387,[0 0 0 0 0 0 0 YarRight],        ,12, 38, 40, 77,0,0,  0,  0,  164,  0,  0,  0,  75,  78,  77,  40,  28,  1882.87,  402,  6.0,  -6.0,  -1021.0
388,[0 0 0 0 0 0 0 YarRight],        ,12, 38, 40, 78,0,0,  0,  0,  164,  0,  0,  0,  75,  78,  78,  40,  28,  1882.88,  402,  18.0,  -3.0,  -1001.0
389,[0 0 0 0 0 0 0 YarRight],        ,12, 38, 40, 78,0,0,  0,  0,  166,  0,  0,  0,  75,  78,  78,  40,  28,  1882.93,  402,  10.0,  -3.0,  -992.0
390,[0 0 0 0 0 0 0 YarRight],        ,12, 38, 40, 79,0,0,  0,  0,  168,  0,  0,  0,  75,  78,  79,  40,  28,  1882.91,  402,  7.0,  6.0,  -992.0
391,[0 0 0 0 0 0 0 0],        ,12, 38, 40, 79,0,0,  0,  0,  173,  0,  0,  0,  75,  78,  79,  40,  28,  1882.92,  402,  7.0,  -9.0,  -998.0
392,[0 0 0 0 0 0 YarLeft 0],        ,12, 38, 40, 80,0,0,  0,  0,  176,  0,  0,  0,  75,  77,  80,  40,  28,  1882.94,  402,  4.0,  -5.0,  -989.0
393,[0 0 0 0 0 0 YarLeft 0],        ,12, 38, 40, 80,0,0,  0,  0,  177,  0,  0,  0,  75,  77,  80,  40,  28,  1882.93,  402,  -26.0,  13.0,  -1000.0
394,[0 0 0 0 0 0 YarLeft 0],        ,12, 38, 40, 80,0,0,  0,  0,  176,  0,  0,  0,  75,  77,  80,  40,  28,  1882.93,  403,  5.0,  -6.0,  -989.0
395,[0 0 0 0 0 0 YarLeft 0],        ,12, 38, 40, 80,0,0,  0,  0,  172,  0,  0,  0,  75,  77,  80,  40,  28,  1882.99,  403,  -12.0,  -3.0,  -1031.0
396,[0 0 0 0 0 0 YarLeft 0],        ,12, 38, 40, 80,0,0,  0,  0,  170,  0,  0,  0,  75,  77,  80,  40,  28,  1882.96,  403,  6.0,  -20.0,  -1014.0
397,[0 0 0 0 0 0 YarLeft 0],        ,12, 38, 40, 80,0,0,  0,  0,  168,  0,  0,  0,  75,  77,  80,  40,  28,  1882.87,  403,  -26.0,  9.0,  -1017.0
398,[0 0 0 0 0 0 YarLeft 0],        ,12, 38, 40, 80,0,0,  0,  0,  164,  0,  0,  0,  75,  77,  80,  40,  28,  1882.87,  403,  -48.0,  8.0,  -1045.0
399,[0 0 0 0 0 0 YarLeft 0],        ,12, 38, 40, 80,0,0,  0,  0,  162,  0,  0,  0,  76,  77,  80,  40,  28,  1882.87,  403,  0.0,  3.0,  -987.0
400,[0 0 0 0 0 0 YarLeft 0],        ,12, 38, 40, 80,0,0,  0,  0,  160,  0,  0,  0,  76,  77,  80,  40,  28,  1882.89,  403,  6.0,  0.0,  -1002.0
401,[0 0 0 0 0 0 YarLeft 0],        ,12, 38, 40, 79,0,0,  0,  0,  155,  0,  0,  0,  76,  77,  79,  40,  27,  1882.95,  404,  9.0,  -30.0,  -985.0
402,[0 0 0 0 0 0 YarLeft 0],        ,12, 38, 40, 79,0,0,  0,  0,  153,  0,  0,  0,  76,  77,  79,  40,  27,  1882.89,  404,  0.0,  -4.0,  -1008.0
403,[0 0 0 0 0 0 YarLeft 0],        ,12, 38, 40, 79,0,0,  0,  0,  149,  0,  0,  0,  76,  77,  79,  40,  27,  1882.92,  404,  16.0,  -2.0,  -1002.0
404,[0 0 0 0 0 0 YarLeft 0],        ,12, 38, 40, 79,0,0,  0,  0,  146,  0,  0,  0,  76,  77,  79,  40,  27,  1882.85,  404,  -1.0,  10.0,  -1005.0
405,[0 0 0 0 0 0 YarLeft 0],        ,12, 38, 40, 79,0,0,  0,  0,  144,  0,  0,  0,  76,  77,  79,  40,  27,  1882.89,  404,  -24.0,  7.0,  -1028.0
406,[0 0 0 0 0 0 YarLeft 0],        ,12, 38, 40, 79,0,0,  0,  0,  140,  0,  0,  0,  75,  77,  79,  40,  27,  1882.83,  404,  0.0,  -8.0,  -1013.0
407,[0 0 0 0 0 0 YarLeft 0],        ,12, 38, 40, 78,0,0,  0,  0,  138,  0,  0,  0,  75,  77,  78,  40,  27,  1882.89,  404,  16.0,  -22.0,  -988.0
408,[0 0 0 0 0 0 YarLeft 0],        ,12, 38, 40, 78,0,0,  0,  0,  136,  0,  0,  0,  75,  77,  78,  40,  27,  1882.97,  404,  -15.0,  -1.0,  -1021.0
409,[0 0 0 0 0 0 YarLeft 0],        ,12, 38, 40, 78,0,0,  0,  0,  132,  0,  0,  0,  75,  77,  78,  40,  27,  1882.91,  405,  4.0,  -9.0,  -962.0
410,[0 0 0 0 0 0 YarLeft 0],        ,12, 38, 40, 78,0,0,  0,  0,  130,  0,  0,  0,  75,  77,  78,  40,  27,  1882.86,  405,  9.0,  -16.0,  -980.0
411,[0 0 0 0 0 0 YarLeft 0],        ,12, 38, 40, 78,0,0,  0,  0,  128,  0,  0,  0,  75,  77,  78,  40,  27,  1882.91,  405,  0.0,  2.0,  -993.0
412,[0 0 0 0 0 0 YarLeft 0],        ,12, 38, 40, 77,0,0,  0,  0,  124,  0,  0,  0,  75,  77,  77,  40,  27,  1882.86,  405,  11.0,  -10.0,  -998.0
413,[0 0 0 0 0 0 YarLeft 0],        ,12, 38, 40, 77,0,0,  0,  0,  122,  0,  0,  0,  75,  77,  77,  40,  27,  1882.92,  405,  7.0,  0.0,  -988.0
414,[0 0 0 0 0 0 YarLeft 0],        ,12, 38, 40, 77,0,0,  0,  0,  119,  0,  0,  0,  75,  77,  77,  40,  27,  1882.89,  405,  33.0,  -13.0,  -975.0
415,[0 0 0 0 0 0 YarLeft 0],        ,12, 38, 40, 78,0,0,  0,  0,  115,  0,  0,  0,  75,  77,  78,  40,  27,  1882.91,  405,  -15.0,  -1.0,  -1023.0
416,[0 0 0 0 0 0 YarLeft 0],        ,12, 38, 40, 78,0,0,  0,  0,  113,  0,  0,  0,  75,  77,  78,  40,  27,  1882.95,  406,  -22.0,  5.0,  -1034.0
417,[0 0 0 0 0 0 YarLeft 0],        ,12, 38, 40, 78,0,0,  0,  0,  109,  0,  0,  0,  75,  77,  78,  40,  27,  1882.96,  406,  12.0,  1.0,  -977.0
418,[0 0 0 0 0 0 YarLeft 0],        ,12, 38, 40, 78,0,0,  0,  0,  106,  0,  0,  0,  75,  77,  78,  40,  27,  1882.97,  406,  -2.0,  -4.0,  -1014.0
419,[0 0 0 0 0 0 YarLeft 0],        ,12, 38, 40, 78,0,0,  0,  0,  102,  0,  0,  0,  75,  77,  78,  40,  27,  1882.98,  406,  -14.0,  13.0,  -1034.0
420,[0 0 0 0 0 0 YarLeft 0],        ,12, 38, 40, 78,0,0,  0,  0,  99,  0,  0,  0,  75,  77,  78,  40,  27,  1882.94,  406,  -3.0,  -3.0,  -1030.0
421,[0 0 0 0 0 0 YarLeft 0],        ,12, 38, 40, 78,0,0,  0,  0,  97,  0,  0,  0,  75,  77,  78,  40,  27,  1882.93,  406,  14.0,  -2.0,  -1000.0
422,[0 0 0 0 0 0 YarLeft 0],        ,12, 38, 40, 79,0,0,  0,  0,  91,  0,  0,  0,  75,  77,  79,  40,  26,  1882.89,  406,  -1.0,  -8.0,  -983.0
423,[0 0 0 0 0 0 YarLeft 0],        ,12, 38, 40, 79,0,0,  0,  0,  89,  0,  0,  0,  75,  77,  79,  40,  26,  1882.86,  407,  19.0,  -11.0,  -992.0
424,[0 0 0 0 0 0 YarLeft 0],        ,12, 38, 40, 78,0,0,  0,  0,  84,  0,  0,  0,  75,  77,  78,  40,  26,  1882.81,  407,  20.0,  -20.0,  -987.0
425,[0 0 0 0 0 0 0 0],        ,12, 38, 40, 79,0,0,  0,  0,  81,  0,  0,  0,  75,  77,  79,  40,  26,  1882.86,  407,  -3.0,  8.0,  -1008.0
426,[0 0 0 0 0 0 0 0],        ,12, 38, 40, 78,0,0,  0,  0,  79,  0,  0,  0,  75,  77,  78,  40,  26,  1882.92,  407,  8.0,  9.0,  -990.0
427,[0 0 0 0 0 0 0 0],        ,12, 38, 40, 77,0,0,  0,  0,  73,  0,  0,  0,  75,  77,  77,  40,  26,  1882.95,  407,  -12.0,  -1.0,  -1012.0
428,[0 0 0 0 0 0 0 0],        ,12, 38, 40, 77,0,0,  0,  0,  73,  0,  0,  0,  74,  77,  77,  40,  26,  1882.91,  407,  13.0,  -15.0,  -1011.0
429,[0 0 0 0 0 0 0 0],        ,12, 38, 40, 77,0,0,  0,  0,  72,  0,  0,  0,  74,  77,  77,  40,  26,  1882.97,  407,  -7.0,  0.0,  -992.0
430,[0 0 Foward 0 0 0 0 0],        ,12, 38, 40, 77,0,0,  0,  0,  72,  0,  0,  0,  74,  77,  77,  40,  26,  1883.02,  408,  9.0,  -13.0,  -1001.0
431,[0 0 Foward 0 0 0 0 0],        ,13, 38, 40, 77,0,0,  0,  0,  71,  0,  0,  0,  74,  77,  77,  40,  26,  1882.98,  408,  32.0,  -18.0,  -976.0
432,[0 0 Foward 0 0 0 0 0],        ,14, 38, 40, 77,0,0,  0,  0,  71,  0,  0,  0,  74,  77,  77,  40,  26,  1882.93,  408,  12.0,  0.0,  -994.0
433,[0 0 Foward 0 0 0 0 0],        ,15, 38, 40, 77,0,0,  0,  0,  71,  0,  0,  0,  74,  77,  77,  40,  26,  1882.93,  408,  27.0,  -15.0,  -1013.0
434,[0 0 Foward 0 0 0 0 0],        ,16, 38, 40, 77,0,0,  0,  0,  70,  0,  0,  0,  74,  77,  77,  40,  26,  1882.87,  408,  0.0,  5.0,  -1016.0
435,[0 0 Foward 0 0 0 0 0],        ,17, 38, 40, 78,0,0,  0,  0,  70,  0,  0,  0,  74,  77,  78,  40,  26,  1882.86,  408,  15.0,  -12.0,  -1027.0
436,[0 0 Foward 0 0 0 0 0],        ,18, 38, 40, 79,0,0,  0,  0,  69,  0,  0,  0,  75,  77,  79,  40,  26,  1882.87,  408,  7.0,  -18.0,  -994.0
437,[0 0 Foward 0 0 0 0 0],        ,19, 38, 40, 79,0,0,  0,  0,  69,  0,  0,  0,  75,  77,  79,  40,  25,  1882.93,  408,  3.0,  -14.0,  -983.0
438,[0 0 Foward 0 0 0 0 0],        ,20, 38, 40, 79,0,0,  0,  0,  69,  0,  0,  0,  75,  77,  79,  40,  25,  1882.98,  409,  -9.0,  -2.0,  -996.0
439,[0 0 Foward 0 0 0 0 0],        ,21, 38, 40, 79,0,0,  0,  0,  69,  0,  0,  0,  75,  77,  79,  40,  25,  1882.91,  409,  -5.0,  -12.0,  -976.0
440,[0 0 Foward 0 0 0 0 0],        ,22, 38, 40, 79,0,0,  0,  0,  69,  0,  -1,  0,  75,  77,  79,  40,  25,  1882.87,  409,  -19.0,  16.0,  -990.0
441,[0 0 0 0 0 0 0 0],        ,23, 38, 40, 78,0,0,  0,  0,  70,  0,  -1,  0,  75,  77,  78,  40,  25,  1882.81,  409,  -7.0,  0.0,  -992.0
442,[0 0 0 0 0 0 0 0],        ,23, 38, 40, 78,0,0,  0,  0,  70,  0,  -1,  0,  75,  77,  78,  40,  25,  1882.94,  409,  -12.0,  12.0,  -1004.0
443,[0 0 0 0 0 0 0 0],        ,23, 38, 40, 78,0,0,  0,  0,  70,  0,  -1,  0,  75,  77,  78,  40,  25,  1882.92,  409,  -13.0,  -1.0,  -1001.0
444,[0 0 0 0 0 0 0 0],        ,23, 38, 40, 77,0,0,  0,  0,  70,  0,  -1,  0,  75,  77,  77,  40,  25,  1882.93,  409,  3.0,  0.0,  -1023.0
445,[0 0 0 0 0 0 0 0],        ,23, 38, 40, 77,0,0,  0,  0,  70,  0,  -1,  0,  75,  77,  77,  40,  25,  1882.95,  410,  -6.0,  12.0,  -1023.0
446,[0 0 0 0 0 0 0 0],        ,23, 38, 40, 77,0,0,  0,  0,  70,  0,  -1,  0,  75,  77,  77,  40,  25,  1883.0,  410,  1.0,  10.0,  -1024.0
447,[0 0 0 0 0 0 YarLeft 0],        ,23, 38, 40, 76,0,0,  1,  0,  70,  0,  -1,  0,  75,  77,  76,  40,  25,  1882.91,  410,  0.0,  2.0,  -1005.0
448,[0 0 0 0 0 0 YarLeft 0],        ,23, 38, 40, 76,0,0,  1,  0,  70,  0,  -1,  0,  75,  77,  76,  40,  25,  1882.98,  410,  6.0,  6.0,  -969.0
449,[0 0 0 0 0 0 YarLeft 0],        ,23, 38, 40, 76,0,0,  2,  0,  70,  0,  0,  0,  75,  77,  76,  40,  25,  1882.93,  410,  5.0,  10.0,  -975.0
450,[0 0 0 0 0 0 YarLeft 0],        ,23, 38, 40, 76,0,0,  1,  0,  68,  0,  0,  0,  75,  76,  76,  40,  25,  1882.84,  410,  1.0,  19.0,  -974.0
451,[0 0 0 0 0 0 YarLeft 0],        ,23, 38, 40, 75,0,0,  1,  0,  64,  0,  0,  0,  75,  76,  75,  40,  24,  1882.89,  411,  20.0,  1.0,  -988.0
452,[0 0 0 0 0 0 YarLeft 0],        ,23, 38, 40, 75,0,0,  1,  0,  63,  0,  0,  0,  75,  76,  75,  40,  24,  1882.9,  411,  -5.0,  7.0,  -1047.0
453,[0 0 0 0 0 0 YarLeft 0],        ,23, 38, 40, 74,0,0,  1,  0,  61,  0,  0,  0,  75,  76,  74,  40,  24,  1882.88,  411,  2.0,  5.0,  -998.0
454,[0 0 0 0 0 0 YarLeft 0],        ,23, 38, 40, 74,0,0,  0,  0,  57,  0,  0,  0,  75,  76,  74,  40,  24,  1882.9,  411,  18.0,  20.0,  -971.0
455,[0 0 0 0 0 0 YarLeft 0],        ,23, 38, 40, 73,0,0,  0,  0,  55,  0,  0,  0,  75,  76,  73,  40,  24,  1882.89,  411,  29.0,  -9.0,  -1011.0
456,[0 0 0 0 0 0 YarLeft 0],        ,23, 38, 40, 73,0,0,  0,  0,  53,  0,  0,  0,  75,  76,  73,  40,  24,  1882.89,  411,  -2.0,  4.0,  -1020.0
457,[0 0 0 0 0 0 YarLeft 0],        ,23, 38, 40, 73,0,0,  0,  0,  48,  0,  0,  0,  75,  77,  73,  40,  24,  1882.96,  411,  6.0,  8.0,  -1005.0
458,[0 0 0 0 0 0 YarLeft 0],        ,23, 38, 40, 73,0,0,  0,  0,  46,  0,  0,  0,  75,  77,  73,  40,  24,  1882.91,  411,  11.0,  8.0,  -1013.0
459,[0 0 0 0 0 0 YarLeft 0],        ,23, 38, 40, 72,0,0,  0,  0,  42,  0,  0,  0,  75,  77,  72,  40,  24,  1882.79,  412,  25.0,  -2.0,  -991.0
460,[0 0 0 0 0 0 YarLeft 0],        ,23, 38, 40, 73,0,0,  0,  0,  39,  0,  0,  0,  75,  77,  73,  40,  24,  1882.85,  412,  17.0,  13.0,  -997.0
461,[0 0 0 0 0 0 YarLeft 0],        ,23, 38, 40, 73,0,0,  0,  0,  37,  0,  0,  0,  75,  77,  73,  40,  24,  1882.8,  412,  15.0,  -5.0,  -1015.0
462,[0 0 0 0 0 0 YarLeft 0],        ,23, 38, 40, 73,0,0,  0,  0,  35,  0,  0,  0,  75,  77,  73,  40,  24,  1882.85,  412,  10.0,  5.0,  -990.0
463,[0 0 0 0 0 0 YarLeft 0],        ,23, 38, 40, 73,0,0,  0,  0,  30,  0,  0,  0,  75,  77,  73,  40,  24,  1882.93,  412,  4.0,  1.0,  -1033.0
464,[0 0 0 0 0 0 YarLeft 0],        ,23, 38, 40, 74,0,0,  0,  0,  27,  0,  0,  0,  75,  77,  74,  40,  24,  1882.88,  412,  4.0,  4.0,  -983.0
465,[0 0 0 0 0 0 YarLeft 0],        ,23, 38, 40, 74,0,0,  0,  0,  23,  0,  0,  0,  75,  77,  74,  40,  24,  1882.9,  412,  15.0,  11.0,  -1002.0
466,[0 0 0 0 0 0 YarLeft 0],        ,23, 38, 40, 74,0,0,  0,  0,  21,  0,  0,  0,  75,  77,  74,  40,  24,  1882.92,  413,  12.0,  7.0,  -984.0
467,[0 0 0 0 0 0 YarLeft 0],        ,23, 38, 40, 74,0,0,  0,  0,  18,  0,  0,  0,  75,  77,  74,  40,  24,  1882.89,  413,  15.0,  1.0,  -1006.0
468,[0 0 0 0 0 0 0 0],        ,23, 38, 40, 75,0,0,  0,  0,  14,  0,  0,  0,  75,  77,  75,  40,  24,  1882.93,  413,  -9.0,  21.0,  -1021.0
469,[0 0 0 0 0 0 0 0],        ,23, 38, 40, 75,0,0,  0,  0,  11,  0,  0,  0,  75,  77,  75,  40,  24,  1882.98,  413,  11.0,  7.0,  -975.0
470,[0 0 0 0 0 0 0 0],        ,23, 38, 40, 75,0,0,  0,  0,  9,  0,  0,  0,  75,  77,  75,  40,  24,  1882.88,  413,  7.0,  4.0,  -998.0
471,[0 0 0 0 0 0 0 0],        ,23, 38, 40, 75,0,0,  0,  0,  7,  0,  0,  0,  75,  77,  75,  40,  24,  1882.91,  413,  8.0,  7.0,  -1032.0
472,[0 0 0 0 0 0 0 0],        ,23, 38, 40, 76,0,0,  0,  0,  6,  0,  0,  0,  75,  77,  76,  40,  24,  1882.9,  413,  14.0,  0.0,  -991.0
473,[0 0 0 0 0 0 0 0],        ,23, 38, 40, 76,0,0,  0,  0,  6,  0,  0,  0,  75,  77,  76,  40,  23,  1882.91,  414,  -9.0,  26.0,  -1017.0
474,[0 0 0 0 0 0 0 0],        ,23, 38, 40, 76,0,0,  0,  0,  5,  0,  0,  0,  75,  77,  76,  40,  23,  1882.92,  414,  1.0,  17.0,  -968.0
475,[0 0 0 0 0 0 0 0],        ,23, 38, 40, 77,0,0,  0,  0,  5,  0,  0,  0,  75,  77,  77,  40,  23,  1882.95,  414,  23.0,  12.0,  -988.0
476,[0 0 0 0 0 0 0 0],        ,23, 38, 40, 77,0,0,  0,  0,  4,  0,  0,  0,  75,  77,  77,  40,  23,  1882.9,  414,  -8.0,  12.0,  -1014.0
477,[0 0 0 0 0 0 0 0],        ,23, 38, 40, 77,0,0,  0,  0,  4,  0,  0,  0,  75,  77,  77,  40,  23,  1883.04,  414,  -14.0,  24.0,  -1018.0
478,[0 0 0 0 0 0 0 0],        ,23, 38, 40, 77,0,0,  0,  0,  3,  0,  0,  0,  75,  77,  77,  40,  23,  1882.98,  414,  21.0,  3.0,  -1001.0
479,[0 0 0 0 0 0 YarLeft 0],        ,23, 38, 40, 77,0,0,  0,  0,  3,  0,  0,  0,  74,  76,  77,  40,  23,  1882.87,  414,  2.0,  6.0,  -1015.0
480,[0 0 0 0 0 0 0 0],        ,23, 38, 40, 77,0,0,  0,  0,  3,  0,  0,  0,  74,  76,  77,  40,  23,  1883.0,  415,  3.0,  21.0,  -992.0
481,[0 0 0 0 0 0 0 0],        ,23, 38, 40, 77,0,0,  0,  0,  0,  0,  0,  0,  74,  76,  77,  40,  23,  1882.97,  415,  14.0,  7.0,  -984.0
482,[0 0 0 0 0 0 0 0],        ,23, 38, 40, 77,0,0,  0,  0,  -1,  0,  0,  0,  74,  76,  77,  40,  23,  1882.87,  415,  22.0,  13.0,  -994.0
483,[0 0 0 0 0 0 0 0],        ,23, 38, 40, 77,0,0,  0,  0,  -3,  0,  0,  0,  74,  76,  77,  40,  23,  1882.94,  415,  10.0,  3.0,  -1011.0
484,[0 0 0 0 0 0 0 0],        ,23, 38, 40, 77,0,0,  0,  0,  -3,  0,  0,  0,  74,  76,  77,  40,  23,  1882.91,  415,  4.0,  10.0,  -988.0
485,[0 0 0 0 0 0 0 0],        ,23, 38, 40, 77,0,0,  0,  0,  -3,  0,  0,  0,  74,  76,  77,  40,  23,  1882.95,  415,  -1.0,  22.0,  -1011.0
486,[0 0 0 0 0 0 0 0],        ,23, 38, 40, 77,0,0,  0,  0,  -3,  0,  0,  0,  74,  76,  77,  40,  23,  1882.94,  415,  18.0,  7.0,  -977.0
487,[0 0 0 0 0 0 0 0],        ,23, 38, 40, 77,0,0,  0,  0,  -3,  0,  0,  0,  74,  76,  77,  40,  23,  1882.88,  415,  19.0,  12.0,  -983.0
488,[0 0 0 0 0 0 0 0],        ,23, 38, 40, 77,0,0,  0,  0,  -3,  0,  0,  0,  74,  76,  77,  40,  23,  1882.92,  416,  8.0,  10.0,  -993.0
489,[0 0 0 0 0 0 0 0],        ,23, 38, 40, 78,0,0,  0,  0,  -3,  0,  0,  0,  74,  76,  78,  40,  23,  1882.96,  416,  5.0,  0.0,  -997.0
490,[0 0 Foward 0 0 0 0 0],        ,23, 38, 40, 77,0,0,  0,  0,  -3,  0,  0,  0,  74,  76,  77,  40,  23,  1883.01,  416,  14.0,  1.0,  -1004.0
491,[0 0 Foward 0 0 0 0 0],        ,23, 39, 40, 78,0,0,  0,  0,  -3,  0,  0,  0,  74,  76,  78,  40,  23,  1882.98,  416,  6.0,  14.0,  -1004.0
492,[0 0 Foward 0 0 0 0 0],        ,23, 40, 40, 78,0,0,  0,  0,  -3,  0,  0,  0,  74,  76,  78,  40,  23,  1882.97,  416,  7.0,  14.0,  -1009.0
493,[0 0 Foward 0 0 0 0 0],        ,23, 41, 40, 78,0,0,  0,  0,  -3,  0,  0,  0,  74,  76,  78,  40,  23,  1882.97,  416,  5.0,  6.0,  -997.0
494,[0 0 Foward 0 0 0 0 0],        ,23, 42, 40, 78,0,0,  0,  0,  -3,  0,  0,  0,  74,  76,  78,  40,  22,  1882.98,  416,  3.0,  -4.0,  -995.0
495,[0 0 Foward 0 0 0 0 0],        ,23, 43, 40, 78,0,0,  -1,  0,  -3,  0,  0,  0,  74,  76,  78,  40,  22,  1882.97,  417,  1.0,  9.0,  -1016.0
496,[0 0 Foward 0 0 0 0 0],        ,23, 44, 40, 77,0,0,  0,  0,  -3,  0,  0,  0,  74,  76,  77,  40,  22,  1882.97,  417,  -12.0,  11.0,  -1010.0
497,[0 0 Foward 0 0 0 0 0],        ,23, 45, 40, 77,0,0,  0,  0,  -3,  0,  0,  0,  74,  76,  77,  40,  22,  1883.05,  417,  2.0,  23.0,  -990.0
498,[0 0 Foward 0 0 0 0 0],        ,23, 46, 40, 77,0,0,  0,  0,  -4,  -1,  0,  0,  74,  76,  77,  40,  22,  1882.94,  417,  -5.0,  12.0,  -1006.0
499,[0 0 Foward 0 0 0 0 0],        ,23, 47, 40, 77,0,0,  0,  0,  -4,  -1,  0,  0,  74,  76,  77,  40,  22,  1882.92,  417,  3.0,  13.0,  -1009.0
500,[0 0 Foward 0 0 0 0 0],        ,23, 48, 40, 77,0,0,  0,  0,  -4,  -1,  0,  0,  74,  76,  77,  40,  22,  1882.95,  417,  -11.0,  21.0,  -1002.0
501,[0 0 Foward 0 0 0 0 0],        ,23, 49, 40, 78,0,0,  0,  0,  -4,  -1,  0,  0,  75,  77,  78,  40,  22,  1883.02,  417,  4.0,  16.0,  -1013.0
502,[0 0 Foward 0 0 0 0 0],        ,23, 50, 40, 78,0,0,  0,  -1,  -4,  -1,  0,  0,  75,  77,  78,  40,  22,  1882.99,  418,  6.0,  9.0,  -998.0
503,[0 0 Foward 0 0 0 0 0],        ,23, 51, 40, 78,0,0,  0,  0,  -4,  -1,  0,  0,  75,  77,  78,  40,  22,  1882.95,  418,  -18.0,  22.0,  -1000.0
504,[0 0 Foward 0 0 0 0 0],        ,23, 52, 40, 78,0,0,  0,  0,  -4,  -1,  0,  0,  75,  77,  78,  40,  22,  1882.96,  418,  -24.0,  26.0,  -994.0
505,[0 0 Foward 0 0 0 0 0],        ,23, 53, 40, 78,0,0,  0,  0,  -4,  -1,  0,  0,  75,  77,  78,  40,  22,  1882.99,  418,  0.0,  12.0,  -988.0
506,[0 0 Foward 0 0 0 0 0],        ,23, 54, 40, 79,0,0,  0,  -1,  -4,  -1,  0,  0,  75,  77,  79,  40,  22,  1883.03,  418,  -25.0,  31.0,  -1003.0
507,[0 0 Foward 0 0 0 0 0],        ,23, 55, 40, 78,0,0,  0,  -1,  -3,  -1,  0,  0,  75,  77,  78,  40,  22,  1882.94,  418,  -9.0,  18.0,  -1000.0
508,[0 0 Foward 0 0 0 0 0],        ,23, 56, 40, 78,0,0,  0,  -1,  -4,  -1,  0,  0,  74,  76,  78,  40,  22,  1882.99,  418,  -7.0,  27.0,  -983.0
509,[0 0 Foward 0 0 0 0 0],        ,23, 57, 40, 78,0,0,  0,  -1,  -4,  -1,  0,  0,  74,  76,  78,  40,  22,  1882.86,  419,  0.0,  17.0,  -1003.0
510,[0 0 Foward 0 0 0 0 0],        ,23, 58, 40, 78,0,0,  0,  0,  -4,  -1,  0,  0,  74,  76,  78,  40,  22,  1882.86,  419,  -14.0,  13.0,  -997.0
511,[0 0 Foward 0 0 0 0 0],        ,23, 59, 40, 78,0,0,  0,  0,  -4,  -1,  0,  0,  74,  76,  78,  40,  22,  1882.9,  419,  -1.0,  21.0,  -999.0
512,[0 0 Foward 0 0 0 0 0],        ,23, 60, 40, 77,0,0,  0,  -1,  -4,  -1,  0,  0,  74,  76,  77,  40,  22,  1882.95,  419,  13.0,  10.0,  -997.0
513,[0 0 Foward 0 0 0 0 0],        ,23, 61, 40, 78,0,0,  0,  -1,  -4,  -1,  0,  0,  74,  76,  78,  40,  22,  1882.88,  419,  -4.0,  23.0,  -1006.0
514,[0 0 Foward 0 0 0 0 0],        ,23, 62, 40, 78,0,0,  0,  -1,  -4,  -1,  0,  0,  74,  76,  78,  40,  22,  1882.82,  419,  1.0,  22.0,  -1001.0
515,[0 0 Foward 0 0 0 0 0],        ,23, 63, 40, 78,0,0,  0,  -1,  -4,  -1,  0,  0,  75,  77,  78,  40,  22,  1882.96,  419,  -2.0,  22.0,  -998.0
516,[0 0 Foward 0 0 0 0 0],        ,23, 64, 40, 78,0,0,  0,  -1,  -4,  -1,  0,  0,  75,  77,  78,  40,  22,  1882.88,  419,  -2.0,  11.0,  -998.0
517,[0 0 Foward 0 0 0 0 0],        ,23, 65, 40, 78,0,0,  0,  -1,  -4,  -1,  0,  0,  75,  77,  78,  40,  22,  1882.91,  420,  -9.0,  20.0,  -1005.0
518,[0 0 Foward 0 0 0 0 0],        ,23, 66, 40, 78,0,0,  0,  -1,  -4,  -1,  0,  0,  75,  77,  78,  40,  22,  1882.88,  420,  3.0,  11.0,  -981.0
519,[0 0 Foward 0 0 0 0 0],        ,23, 67, 40, 79,0,0,  0,  -1,  -4,  -1,  0,  0,  75,  77,  79,  40,  22,  1882.89,  420,  1.0,  19.0,  -987.0
520,[0 0 Foward 0 0 0 0 0],        ,23, 68, 40, 79,0,0,  0,  -1,  -4,  -1,  0,  0,  75,  77,  79,  40,  22,  1882.93,  420,  -7.0,  28.0,  -999.0
521,[0 0 Foward 0 0 0 0 0],        ,23, 69, 40, 79,0,0,  0,  -1,  -4,  -1,  0,  0,  75,  77,  79,  40,  22,  1882.93,  420,  -7.0,  28.0,  -999.0
522,[0 0 Foward 0 0 0 0 0],        ,23, 70, 40, 79,0,0,  0,  -1,  -4,  -1,  0,  0,  74,  77,  79,  40,  22,  1882.91,  420,  -7.0,  26.0,  -998.0
523,[0 0 Foward 0 0 0 0 0],        ,23, 71, 40, 79,0,0,  0,  -1,  -4,  -1,  0,  0,  74,  77,  79,  40,  22,  1882.92,  420,  0.0,  23.0,  -1009.0
524,[0 0 Foward 0 0 0 0 0],        ,23, 72, 40, 78,0,0,  0,  -1,  -4,  -1,  0,  0,  74,  77,  78,  40,  22,  1882.87,  421,  -11.0,  17.0,  -999.0
525,[0 0 Foward 0 0 0 0 0],        ,23, 73, 40, 78,0,0,  0,  -1,  -4,  -1,  0,  0,  74,  77,  78,  40,  22,  1882.9,  421,  0.0,  30.0,  -1006.0
526,[0 0 Foward 0 0 0 0 0],        ,23, 74, 40, 79,0,0,  0,  -1,  -4,  -1,  0,  0,  74,  77,  79,  40,  22,  1882.94,  421,  -12.0,  18.0,  -1000.0
527,[0 0 Foward 0 0 0 0 0],        ,23, 75, 40, 79,0,0,  0,  -1,  -4,  -1,  0,  0,  74,  77,  79,  40,  22,  1882.91,  421,  -3.0,  15.0,  -983.0
528,[0 0 Foward 0 0 0 0 0],        ,23, 76, 40, 79,0,0,  0,  -1,  -4,  -1,  0,  0,  74,  77,  79,  40,  22,  1882.94,  421,  4.0,  27.0,  -998.0
529,[0 0 Foward 0 0 0 0 0],        ,23, 77, 40, 79,0,0,  0,  0,  -4,  -1,  0,  0,  74,  77,  79,  40,  22,  1882.92,  421,  -1.0,  8.0,  -980.0
530,[0 0 Foward 0 0 0 0 0],        ,23, 78, 40, 79,0,0,  0,  0,  -4,  -1,  0,  0,  74,  76,  79,  40,  22,  1882.79,  421,  2.0,  14.0,  -993.0
531,[0 0 Foward 0 0 0 0 0],        ,23, 79, 40, 80,0,0,  0,  0,  -4,  -1,  0,  0,  74,  76,  80,  40,  22,  1882.91,  422,  -6.0,  13.0,  -991.0
532,[0 0 Foward 0 0 0 0 0],        ,23, 80, 40, 80,0,0,  0,  0,  -4,  -1,  0,  0,  74,  76,  80,  40,  22,  1882.96,  422,  -1.0,  21.0,  -1000.0
533,[0 0 Foward 0 0 0 0 0],        ,23, 81, 40, 79,0,0,  0,  0,  -3,  -1,  0,  0,  74,  76,  79,  40,  22,  1882.94,  422,  -2.0,  15.0,  -997.0
534,[0 0 Foward 0 0 0 0 0],        ,23, 82, 40, 79,0,0,  0,  0,  -3,  -1,  0,  0,  74,  76,  79,  40,  22,  1882.93,  422,  -5.0,  18.0,  -988.0
535,[0 0 Foward 0 0 0 0 0],        ,23, 83, 40, 79,0,0,  0,  0,  -3,  -1,  0,  0,  74,  76,  79,  40,  22,  1882.85,  422,  -2.0,  13.0,  -997.0
536,[0 0 Foward 0 0 0 0 0],        ,23, 84, 40, 79,0,0,  0,  0,  -4,  -1,  0,  0,  74,  76,  79,  40,  22,  1882.87,  422,  -7.0,  18.0,  -1004.0
537,[0 0 Foward 0 0 0 0 0],        ,23, 85, 40, 79,0,0,  0,  -1,  -4,  -1,  0,  0,  75,  77,  79,  40,  22,  1882.92,  422,  -3.0,  5.0,  -1006.0
538,[0 0 Foward 0 0 0 0 0],        ,23, 86, 40, 79,0,0,  0,  0,  -4,  -1,  0,  0,  75,  77,  79,  40,  22,  1882.83,  422,  -1.0,  24.0,  -998.0
539,[0 0 Foward 0 0 0 0 0],        ,23, 87, 40, 78,0,0,  0,  0,  -4,  -1,  0,  0,  75,  77,  78,  40,  22,  1882.77,  423,  1.0,  9.0,  -1005.0
540,[0 0 0 0 0 0 0 0],        ,23, 88, 40, 78,0,0,  0,  0,  -4,  -1,  0,  0,  75,  77,  78,  40,  22,  1882.8,  423,  0.0,  16.0,  -1001.0
541,[0 0 0 0 0 0 0 0],        ,23, 88, 40, 78,0,0,  0,  0,  -4,  -1,  0,  0,  75,  77,  78,  40,  22,  1882.91,  423,  -18.0,  17.0,  -1008.0
542,[0 0 0 0 0 0 0 0],        ,23, 88, 40, 78,0,0,  0,  0,  -4,  -1,  0,  0,  75,  77,  78,  40,  22,  1882.74,  423,  -10.0,  17.0,  -1007.0
543,[0 0 0 0 0 0 0 0],        ,23, 88, 40, 78,0,0,  0,  0,  -4,  -1,  0,  0,  75,  77,  78,  40,  22,  1882.83,  423,  -7.0,  27.0,  -992.0
544,[0 0 0 0 0 0 0 0],        ,23, 88, 40, 78,0,0,  0,  0,  -4,  -1,  0,  0,  75,  77,  78,  40,  22,  1882.76,  423,  -24.0,  5.0,  -1011.0
545,[0 0 0 0 0 0 0 0],        ,23, 88, 40, 78,0,0,  0,  0,  -4,  -1,  0,  0,  75,  76,  78,  40,  22,  1882.87,  424,  -3.0,  28.0,  -995.0
546,[0 0 0 0 0 0 0 0],        ,23, 88, 40, 79,0,0,  0,  -1,  -4,  0,  0,  0,  75,  76,  79,  40,  22,  1882.84,  424,  -14.0,  13.0,  -1003.0
547,[0 0 0 0 0 0 0 0],        ,23, 88, 40, 79,0,0,  1,  -1,  -4,  0,  0,  0,  75,  76,  79,  40,  22,  1882.85,  424,  -12.0,  8.0,  -1004.0
548,[0 0 0 0 0 0 0 0],        ,23, 88, 40, 79,0,0,  0,  -1,  -4,  0,  0,  0,  75,  76,  79,  40,  22,  1882.88,  424,  -13.0,  18.0,  -1006.0
549,[0 0 0 0 0 0 0 0],        ,23, 88, 40, 79,0,0,  0,  0,  -4,  0,  0,  0,  75,  76,  79,  40,  22,  1882.87,  424,  -5.0,  13.0,  -998.0
550,[0 0 Foward 0 0 0 0 0],        ,23, 88, 40, 79,0,0,  0,  0,  -4,  0,  0,  0,  75,  76,  79,  40,  22,  1882.92,  424,  5.0,  2.0,  -995.0
551,[0 0 Foward 0 0 0 0 0],        ,23, 89, 40, 79,0,0,  0,  0,  -4,  0,  0,  0,  75,  76,  79,  40,  22,  1882.89,  424,  -1.0,  27.0,  -1006.0
552,[0 0 Foward 0 0 0 0 0],        ,23, 90, 40, 79,0,0,  0,  0,  -4,  0,  0,  0,  74,  76,  79,  40,  22,  1882.85,  425,  -4.0,  7.0,  -992.0
553,[0 0 Foward 0 0 0 0 0],        ,23, 91, 40, 79,0,0,  0,  -1,  -4,  0,  0,  0,  74,  76,  79,  40,  22,  1882.98,  425,  -10.0,  19.0,  -981.0
554,[0 0 Foward 0 0 0 0 0],        ,23, 92, 40, 78,0,0,  -1,  -1,  -4,  0,  0,  0,  74,  76,  78,  40,  22,  1882.9,  425,  1.0,  12.0,  -997.0
555,[0 0 Foward 0 0 0 0 0],        ,23, 93, 40, 78,0,0,  -1,  -1,  -4,  0,  0,  0,  74,  76,  78,  40,  22,  1882.96,  425,  -6.0,  6.0,  -993.0
556,[0 0 Foward 0 0 0 0 0],        ,23, 94, 40, 78,0,0,  -1,  -1,  -4,  0,  0,  0,  74,  76,  78,  40,  22,  1882.89,  425,  14.0,  39.0,  -1020.0
557,[0 0 0 0 0 0 0 0],        ,23, 95, 40, 78,0,0,  -1,  0,  -4,  0,  0,  0,  74,  76,  78,  40,  22,  1882.95,  425,  -10.0,  12.0,  -1015.0
558,[0 0 0 0 0 0 0 0],        ,23, 95, 40, 77,0,0,  -1,  0,  -4,  0,  0,  0,  74,  76,  77,  40,  22,  1882.93,  425,  0.0,  1.0,  -999.0
559,[0 0 0 0 0 0 0 0],        ,23, 95, 40, 78,0,0,  -1,  0,  -5,  0,  0,  0,  75,  76,  78,  40,  22,  1882.97,  425,  -17.0,  22.0,  -1011.0
560,[0 0 0 0 0 0 0 0],        ,23, 95, 40, 77,0,0,  0,  -1,  -5,  0,  0,  0,  75,  76,  77,  40,  22,  1882.95,  426,  -7.0,  4.0,  -1008.0
561,[0 0 0 0 0 0 0 0],        ,23, 95, 40, 77,0,0,  0,  -1,  -6,  0,  0,  0,  75,  76,  77,  40,  22,  1882.93,  426,  -12.0,  -2.0,  -976.0
562,[0 0 0 0 0 0 0 0],        ,23, 95, 40, 77,0,0,  0,  0,  -6,  0,  0,  0,  75,  76,  77,  40,  22,  1882.87,  426,  -12.0,  9.0,  -1015.0
563,[0 0 0 0 0 0 0 0],        ,23, 95, 40, 77,0,0,  0,  0,  -7,  0,  0,  0,  75,  76,  77,  40,  22,  1882.86,  426,  5.0,  9.0,  -983.0
564,[0 0 0 0 0 0 0 0],        ,23, 95, 40, 77,0,0,  1,  0,  -7,  0,  0,  0,  75,  76,  77,  40,  22,  1882.9,  426,  7.0,  7.0,  -978.0
565,[0 0 0 0 0 0 0 0],        ,23, 95, 40, 78,0,0,  1,  -1,  -5,  0,  0,  0,  75,  76,  78,  40,  22,  1882.83,  426,  18.0,  11.0,  -982.0
566,[0 0 0 0 0 0 0 0],        ,23, 95, 40, 78,0,0,  0,  0,  -2,  0,  0,  0,  75,  77,  78,  40,  22,  1882.97,  426,  -2.0,  0.0,  -983.0
567,[0 0 0 0 0 0 0 0],        ,23, 95, 40, 78,0,0,  0,  0,  -2,  0,  0,  0,  75,  77,  78,  40,  22,  1882.9,  427,  8.0,  9.0,  -1008.0
568,[0 0 0 0 0 0 0 0],        ,23, 95, 40, 78,0,0,  0,  0,  -2,  0,  0,  0,  75,  77,  78,  40,  22,  1882.95,  427,  21.0,  16.0,  -994.0
569,[0 0 0 0 0 0 0 0],        ,23, 95, 40, 78,0,0,  0,  0,  -2,  0,  0,  0,  75,  77,  78,  40,  22,  1882.94,  427,  -1.0,  15.0,  -1005.0
570,[0 0 0 0 0 0 0 0],        ,23, 95, 40, 78,0,0,  0,  -1,  -2,  0,  0,  0,  75,  77,  78,  40,  22,  1882.86,  427,  9.0,  25.0,  -1014.0
